positive,#elated,1
positive,#overjoyed,2
positive,#enjoy,3
positive,#excited,4
positive,#proud,5
positive,#joyful,6
positive,#feelhappy,7
positive,#sohappy,8
positive,#veryhappy,9
positive,#happy,10
positive,#superhappy,11
positive,#happytweet,12
positive,#feelblessed,13
positive,#blessed,14
positive,#amazing,15
positive,#wonderful,16
positive,#excelent,17
positive,#delighted,18
positive,#enthusiastic,19
positive,#calm,20
positive,#calming,21
positive,#peaceful,22
positive,#quiet,23
positive,#silent,24
positive,#serene,25
positive,#convinced,26
positive,#consent,27
positive,#contented,28
positive,#contentment,29
positive,#satisfied,30
positive,#relax,31
positive,#relaxed,32
positive,#relaxing,33
positive,#sleepy,34
positive,#sleepyhead,35
positive,#asleep,36
positive,#resting,37
positive,#restful,38
positive,#placid,39
