FinSentS_SP500,2016-11-01 23:15:32,2016-11-01 23:15:32,"$ MMM :US Swiss National Bank Buys 96,300 Shares of 3M Co. (MMM) #3M CO http:// tinyurl.com/zyojkkl #SP500"
electronic_eqpt,2016-11-01 18:20:32,2016-11-01 18:20:32,"#3M 's Ceradyne Subsidiary to Build Helmets, Armor Inserts for Army Soldier Protection System. Read more: http:// owler.us/abM4Yy $ MMM"
WatchlistN,2016-11-01 15:44:37,2016-11-01 15:44:37,3M Co. $ MMM Rating Lowered to Sell at Zacks Investment Research http:// zpr.io/Pgc7w
finzine,2016-11-01 14:59:12,2016-11-01 14:59:12,"$ MMM 3M CO Files SEC form 10-Q, Quarterly Report http:// biz.yahoo.com/e/161101/mmm10 -q.html …"
flyingtrades,2016-11-01 14:59:02,2016-11-01 14:59:02,$ MMM : New SEC Filing for MMM: Form 10-Q (No. 0001558370-16-008937): http:// stocknewsflow.com/66740_00015583 7016008937_0001558370-16-008937 … pic.twitter.com/P1ZmtePrXb
Allstocknews,2016-11-01 14:43:32,2016-11-01 14:43:32,$ MMM 3M - 10-Q (Quarterly Report) SEC Filing From our Stock News Alerts App
confcalltran,2016-11-01 14:41:38,2016-11-01 14:41:38,3M Company Just Filed Its Quarterly Report: ... http://www. conferencecalltranscripts.org/Q/summary/?id= 3195564 … $ MMM
stockmonitorapp,2016-11-01 13:15:38,2016-11-01 13:15:38,Heads up! $ MRK $ DVN $ MMM price is approaching 60 day low. Will it hold? http:// dlvr.it/MZF1jF #stocks pic.twitter.com/3TMJ1lp1V8
Parkforsyth,2016-11-01 12:33:49,2016-11-01 12:33:49,DJIA has returned 4.1% YTD. This performance is remarkably narrow: 17% (5) of the names comprise 87% of the gains. $ UNH $ CAT $ IBM $ MMM $ CVX
stockbard,2016-11-01 12:18:55,2016-11-01 12:18:55,$ MMM ! $ BIT $ FOR $ ADS $ ACE $ ONE $ FIG
Allstocknews,2016-11-01 12:00:41,2016-11-01 12:00:41,$ MMM 3M - 3M Subsidiary Wins Contracts for Two U.S. Army Soldier Protection Programs From our Stock News Alerts App
Top_Dow_Stocks,2016-11-01 07:20:25,2016-11-01 07:20:25,#Dow #stocks $ MMM 3M Co Daily:-0.28% Weekly:-3.49% YTD:11.95% Trend:25 / 100 http:// 12Stocks.com/MMM
stockbard,2016-11-01 06:48:57,2016-11-01 06:48:57,$ MS $ EXAM $ MMM ! $ HUBS $ ARE $ AXE $ IM $ EXAM
stockbard,2016-11-01 04:18:58,2016-11-01 04:18:58,$ BAM ! $ IT $ STAY $ MS $ RATE $ MMM ! $ MEN $ ARE $ TEN $ ADS $ BAM !
easymoneytrader,2016-11-01 01:44:56,2016-11-01 01:44:56,"Carl Icahn: ""One Day You'll See A Break Like A Few Weeks Ago But The Market Won't Come Back"" $ MSFT $ INTC $ IBM $ BA $ JNJ $ KO $ GE $ GM $ MMM $ SPX"
ZolmaxNews,2016-11-01 23:26:00,2016-11-01 23:26:00,Abbott Laboratories $ ABT Stake Maintained by Integrated Wealth Counsel LLC http:// zpr.io/PgvVL
WKRBNews,2016-11-01 22:46:21,2016-11-01 22:46:21,Auxier Asset Management Maintains Stake in Abbott Laboratories $ ABT http:// zpr.io/Pgvkp
thelegacynewswi,2016-11-01 21:43:29,2016-11-01 21:43:29,Synovus Financial Corp Raises Position in Abbott Laboratories $ ABT http:// zpr.io/Pgvhf
JorelLaraKalel,2016-11-01 20:43:02,2016-11-01 20:43:02,"Pharma Stocks Crushed Under Election Rhetoric, but Top Analysts Say Buy These 4 Now $ ABBV $ ABT $ LLY $ MRK http:// bit.ly/2eYzbsV"
Briefingcom,2016-11-01 20:03:00,2016-11-01 20:03:00,Co’s that have issued #guidance in the last 30 days http:// bit.ly/28Lp6Al $ K $ D $ RCL $ TDC $ GRMN $ LMT $ SOHU $ MAN $ SON $ ABT $ CREE $ LII $ DFRG
StockTradePicks,2016-11-01 19:20:26,2016-11-01 19:20:26,How to profit big on weed microcap stocks. Read: http:// nasdaqnewsreports.blogspot.com/2016/10/the-gr een-gold-rush-on-marijuana.html … $ ABT $ AXP $ ACI $ UVXY $ RNN $ SNTA $ REM $ CYTR $ KSU
RolandTian,2016-11-01 18:06:04,2016-11-01 18:06:04,When Adversity Presents Opportunity: A Tale Of 3 Stocks http:// seekingalpha.com/article/401720 2-adversity-presents-opportunity-tale-3-stocks?source=tweet … $ ABT $ MKC $ NKE $ SHW
rb_trader,2016-11-01 15:51:38,2016-11-01 15:51:38,$ BAC $ AAPL $ ABT $ APC pic.twitter.com/VZ59NZ0RP9
SweetPlatform,2016-11-01 15:38:34,2016-11-01 15:38:34,"ABT Top news - Nov 1st, 2016 $ ABT http:// https:// goo.gl/X7wvt7"
SpeedyCalls,2016-11-01 15:08:11,2016-11-01 15:08:11,"$ ABT 43 Calls SELLING Activity expiring on 20th Jan, Vol 4000"
BigAlerts,2016-11-01 13:46:27,2016-11-01 13:46:27,Abbott Laboratories hits a 1 quarter low http:// tinyurl.com/hpeztxm $ ABT #AbbottLaboratories pic.twitter.com/t22nlN4a9c
OptionRunners,2016-11-01 13:40:53,2016-11-01 13:40:53,$ ABT broke below $39.22. $ EMN broke above $72.64 https:// twitter.com/OptionRunners/ status/793235760212168705 …
Drugdoctor2014,2016-11-01 12:41:33,2016-11-01 12:41:33,$ KAYS +10%-Mon-Red Hot Marijuana-Oregon Chain Stores $ PG $ MRK $ MYL $ VRX $ VRTX $ BIIB $ BMY $ JNJ $ CELG $ AKRX $ REGN $ JNJ $ PFE $ GSK $ LLY $ ABT pic.twitter.com/v3OCDCR4rF
StockTradePicks,2016-11-01 12:38:23,2016-11-01 12:38:23,Option trading signal alerts with over 70% accuracy. Read: http:// nasdaqnewsreports.blogspot.com/2016/10/option -trading-signals-for-aapl-goog-fb.html … $ ABT $ AXP $ ACI $ UAL $ GGN $ MDVN $ BLMN $ CBL $ TCX
Drugdoctor2014,2016-11-01 12:11:06,2016-11-01 12:11:06,"$ ARLZ $4.10 NEWS-Completes acq. of Metoprolol XL for $175,000,000-Stock rated $11 by Zacks! $ AKRX $ REGN $ JNJ $ PFE $ GSK $ LLY $ ABT $ SNY $ NVO pic.twitter.com/zCj1xtGtlt"
NateOnStocks,2016-11-01 12:01:02,2016-11-01 12:01:02,$ ABT #pharma http:// bit.ly/2fAaRRv
xfinstocks2016,2016-11-01 05:40:03,2016-11-01 05:40:03,KO Broadcom Ltd. Summary Read More --> http:// dlvr.it/MZ72P4 $ KO $ XLF $ ABT #pennystocks
stockpickerof21,2016-11-01 05:39:32,2016-11-01 05:39:32,ABT Atmos Energy Corp. Ask Size Read More --> http:// dlvr.it/MZ721J $ ABT $ XLF $ SYMC #tradeideas
stock_forums,2016-11-01 03:48:33,2016-11-01 03:48:33,If you follow $ CTS Check out this site! ----> http:// dlvr.it/MZ5mD9 $ DRNA $ TYPE $ TRVN $ ABT
_it_services,2016-11-01 03:01:50,2016-11-01 03:01:50,#AbsoluteSoftware St. Joseph Home Care Network Confident of HIPAA Compliance with Absolute DDS. Read Blog: http:// owler.us/abMKR4 $ ABT
ForexBTC,2016-11-01 02:02:07,2016-11-01 02:02:07,Abbot Labs $ ABT http:// dlvr.it/MZ4Zzs powered by http:// bit.do/TradOTO
PolgarStocks,2016-11-01 01:40:08,2016-11-01 01:40:08,If you follow $ TNK What do you think about it? ----> http:// dlvr.it/MZ4LLm $ OCUL $ ABT $ FOSL $ OFS
jmleray,2016-11-01 21:43:35,2016-11-01 21:43:35,October Update: Dividend Growth Portfolio Is Up Almost 8% For The Year http:// seekingalpha.com/article/401774 9-october-update-dividend-growth-portfolio-almost-8-percent-year?source=tweet … $ ABBV $ AFL $ BA $ CMI $ COP $ CSCO $ CVS $ CVX
DewDiligence,2016-11-01 20:14:26,2016-11-01 20:14:26,Table—3Q16 Harvoni/Epclusa vs Viekira vs Zepatier (stratified by US/ex-US): http:// investorshub.advfn.com/boards/read_ms g.aspx?message_id=126235931 … $ GILD $ ABBV $ ENTA $ MRK
MarketsRecap,2016-11-01 20:09:03,2016-11-01 20:09:03,November 2016 Stock Considerations $ CAH $ UL $ VFC $ WFC $ TROW $ ABBV $ ORI https:// goo.gl/x4E6Oz
1stOncology,2016-11-01 19:52:00,2016-11-01 19:52:00,#AbbVie World-Wide Sales for #IMBRUVICA was 501m USD in Q3 2016 (Up 65%) $ ABBV http://www. 1stoncology.com/blog/abbvie-re ports-third-quarter-2016-financial-results …
DividendSheet,2016-11-01 19:04:49,2016-11-01 19:04:49,9 Cheapest Large Cap Healthcare Dividend Stocks - https:// goo.gl/zlFqRo - $ ABBV $ AET $ AMGN $ AZN $ CVS $ DGX $ GILD $ GSK $ NVS $ PFE $ SHPG $ TEVA
ideagenerator01,2016-11-01 17:36:57,2016-11-01 17:36:57,"$ PFE , $ ABBV , $ AMGN Panic in Pharma/Biotech http:// seekingalpha.com/article/401763 4-pfizer-superior-choice-amgen-abbvie?v=1478020897&commenter=1&comments=show …"
RussellKBrett,2016-11-01 17:07:47,2016-11-01 17:07:47,$ PFE $ AMGN $ ABBV $ AZN $ JNJ $ REGN $ SNY $ AGN Pfizer Is A Superior Choice Over Amgen And Abbvie: http://www. seekingalpha.com/article/4017634
WatchlistN,2016-11-01 16:52:36,2016-11-01 16:52:36,AbbVie Inc. $ ABBV Downgraded by Credit Suisse Group AG to Neutral http:// zpr.io/Pgc2S
biotech_forum,2016-11-01 15:18:09,2016-11-01 15:18:09,"Biotech Forum Daily Digest: Election Worries Overblown, Earnings Reports Pour In, Spotlight... http:// seekingalpha.com/article/401711 3-biotech-forum-daily-digest-election-worries-overblown-earnings-reports-pour-spotlight-akebia?source=tweet … $ ABBV $ AKBA $ ALDR"
CROW633,2016-11-01 14:20:37,2016-11-01 14:20:37,"Aging Biologics Franchises Stumble On Price Worries https:// seekingalpha.com/article/401752 9?source=ansh … $ NVO , $ AMGN , $ ABBV"
tgtxdough,2016-11-01 14:19:42,2016-11-01 14:19:42,JEFF $ ABBV Humira Is Not Enbrel; Reiterate AbbVie As Top Pick In Large Cap Pharma-confident Humira double digit growth through 2017/18
optioncharts,2016-11-01 14:11:17,2016-11-01 14:11:17,$ AMGN $ QQQ $ ABBV options have the largest change in volume. Free options screener. http:// bit.ly/1sMykla
FoxofWallST,2016-11-01 13:39:31,2016-11-01 13:39:31,Standard Chartered's Precarious Balancing Act: Standard Chartered is investing to lift reve... http:// on.wsj.com/2f90XUg $ PSID $ ABBV $ CBPO
Ticker_Junkie,2016-11-01 13:25:48,2016-11-01 13:25:48,Long-term oversold potential gainers $ GE $ KMI $ T $ ABBV
HFTAlert,2016-11-01 13:10:34,2016-11-01 13:10:34,$ ABBV Accumulators showing heavy buying the past two days into weakness. pic.twitter.com/AXI1KCht5V
theflynews,2016-11-01 12:51:46,2016-11-01 12:51:46,William Blair downgrades Vertex with competition looming $ VRTX $ ABBV $ GLPG $ PTI : Full Story http:// bit.ly/2eQcBFd
AnalystWire,2016-11-01 11:16:35,2016-11-01 11:16:35,AbbVie $ ABBV : Reiterating Top Pick - Jefferies http:// streetinsider.com/r/12189312
FoxofWallST,2016-11-01 09:53:49,2016-11-01 09:53:49,Panasonic: A Safer Bet on Tesla Than Tesla Itself: A plunge in Panasonic’s shares offers a ... http:// on.wsj.com/2f57NvZ $ PSID $ ABBV $ CBPO
thejudgewill451,2016-11-01 03:45:05,2016-11-01 03:45:05,"ERX CGrowth Capital, Inc. Chart Read More --> http:// dlvr.it/MZ5jZT $ ERX $ ABBV $ IYR #finance"
JaguarAnalytics,2016-11-01 02:02:00,2016-11-01 02:02:00,"When both $ AMGN and $ ABBV are indicating slower brand drug inflation, we wonder how that shapes the fundamental outlook of $ WBA and $ CVS"
FoxofWallST,2016-11-01 02:01:54,2016-11-01 02:01:54,Oil Is Slicker Than Water at GE: General Electric is dumping its water business while combi... http:// on.wsj.com/2eNivXm $ PSID $ ABBV $ CBPO
vanja180700,2016-11-01 01:48:08,2016-11-01 01:48:08,Why Is Valeant Down? http:// seekingalpha.com/article/401670 2-valeant?source=tweet … $ ABBV $ ABC $ AMGN $ ARIA $ CAH $ HZNP $ IBB $ MCK $ SGYP $ VRX
masterofstocks1,2016-11-01 01:32:03,2016-11-01 01:32:03,DXJ Barrick Gold Corp. Tick Read More --> http:// dlvr.it/MZ4H5C $ DXJ $ ABBV $ NEM #stock
optioncharts,2016-11-01 00:57:59,2016-11-01 00:57:59,$ AMGN $ QQQ $ ABBV options have the largest change in volume. Free options screener. http:// bit.ly/1sMykla
HepCMe,2016-11-01 00:26:18,2016-11-01 00:26:18,AbbVie: 4.5% Yield http:// seekingalpha.com/article/401722 3-abbvie-4_5-percent-yield?source=tweet … $ GILD $ ABBV
pharma_sector,2016-11-01 00:02:25,2016-11-01 00:02:25,#AbbVie drops further on below-expected third-qtr revenue. Read more: http:// owler.us/abMQQd $ ABBV
intercooleronli,2016-11-01 23:10:46,2016-11-01 23:10:46,Cambridge Trust Co. Sells 897 Shares of Accenture PLC $ ACN http:// zpr.io/PgvcP
DozenStocks,2016-11-01 23:01:30,2016-11-01 23:01:30,S&P100 #Stocks Trend $ CVX $ NEE $ TWX $ GS $ BA $ FOXA $ USB $ MA $ TXN $ BK $ JPM $ EMR $ COP $ ACN $ AXP $ CELG $ MSFT $ QCOM @http:// 12Stocks.com/sp100
midetimes,2016-11-01 20:56:15,2016-11-01 20:56:15,Accenture PLC $ ACN Shares Bought by Heritage Wealth Advisors http:// mideasttime.com/?p=1366741
confcalltran,2016-11-01 20:08:55,2016-11-01 20:08:55,"Accenture plc.'s Group Chief Exec-Growth Mkts just disposed of 18,732 shares http://www. conferencecalltranscripts.org/4/summary/?id= 3196724 … $ ACN"
TheExtraIncome,2016-11-01 18:59:48,2016-11-01 18:59:48,Predictable Companies Gurus Are Buying $ BAM $ APH $ AON $ AMZN $ AGO $ ACN $ AAPL http://www. gurufocus.com/news/456684/af fid/152113 …
mgmt_cons_ser,2016-11-01 18:12:31,2016-11-01 18:12:31,Dutch startup news update: #Accenture Innovation Awards and Samsung's startups. Read more: http:// owler.us/abM4TO $ ACN
stockboardinc,2016-11-01 17:02:05,2016-11-01 17:02:05,"$ ACN Accenture Acquires Realworld OO Systems B.V., a Leading Utilities Geographic Information System Busi... - http:// sbml.co/06c927aa"
lilnickysmith,2016-11-01 17:01:44,2016-11-01 17:01:44,$ ACN http://www. businesswire.com/news/home/2016 1101006324/en/ …
YamasutaTrader,2016-11-01 13:50:00,2016-11-01 13:50:00,"$ ACN - BUY Signal at 116.26 on Oct 31, 16 By http:// YaMasuta.com , Trading Robot#Stockstowatch #Stockmarket #trading #trade #investing"
StockTradePicks,2016-11-01 12:35:02,2016-11-01 12:35:02,Option trading signal alerts with over 70% accuracy. Read: http:// nasdaqnewsreports.blogspot.com/2016/10/option -trading-signals-for-aapl-goog-fb.html … $ GE $ AMGN $ VMW $ TGT $ KOG $ ACN $ STVF $ APH $ PXP $ TWLO
MyAlliesTrading,2016-11-01 12:00:51,2016-11-01 12:00:51,"$ ACN CMOs First in the Firing Line If Business Growth Targets Are Not Met, Accenture Strategy Study Finds https:// goo.gl/qQa84g"
mgmt_cons_ser,2016-11-01 11:52:06,2016-11-01 11:52:06,BRIEF- #Accenture acquires 2nd Road to strengthen strategy capabilities in Australia and New ... Read more: http:// owler.us/abM2s7 $ ACN
markcarson161,2016-11-01 04:37:33,2016-11-01 04:37:33,ACN Alibaba Group Holding Ltd. Company Info Read More --> http:// dlvr.it/MZ6KbH $ ACN $ GDX $ QTMM #pennystocks
WallStreetWires,2016-11-01 03:23:03,2016-11-01 03:23:03,$ ACN #Acquires 2nd Road to Strengthen Strategy Capabilities | @Businesswire | http:// tinyurl.com/hlsh92t #MnA pic.twitter.com/CGTXUrnx3U
mgmt_cons_ser,2016-11-01 01:15:32,2016-11-01 01:15:32,Microsoft second most loved brand in the US says Fjord and #Accenture study. Read more: http:// owler.us/abMPsG $ ACN
LaMonicaBuzz,2016-11-01 19:46:29,2016-11-01 19:46:29,EA earnings after the bell. Will be interesting to hear what $ EA says about holiday outlook for games. $ EA $ ATVI $ TTWO rallying this year.
StockTradePicks,2016-11-01 19:20:12,2016-11-01 19:20:12,How to profit big on weed microcap stocks. Read: http:// nasdaqnewsreports.blogspot.com/2016/10/the-gr een-gold-rush-on-marijuana.html … $ HD $ BBY $ ATVI $ UAL $ CY $ GGN $ EPRS $ MDVN $ CPRX
WatchlistN,2016-11-01 19:09:40,2016-11-01 19:09:40,Activision Blizzard Inc. $ ATVI to Release Earnings on Thursday http:// zpr.io/Pg425
RSOTC,2016-11-01 16:35:50,2016-11-01 16:35:50,$ ATVI Trade Entry & Setup - http:// tinyurl.com/h244evj
StockTwits,2016-11-01 16:19:09,2016-11-01 16:19:09,Upcoming earnings Tue- $ SQ $ GILD $ EA Wed- $ BABA $ FB $ FIT $ WFM $ MRO Thu- $ GPRO $ DDD $ SBUX $ TWLO $ ATVI Fri- $ REGN http:// stocktwits.com/eWhispers/mess age/65830040?utm_medium=community-twitter&utm_source=twitter.com&utm_campaign=outboundteam …
TraderSupreme,2016-11-01 15:46:06,2016-11-01 15:46:06,Millionaire trading student http:// goo.gl/LiNZQy made millions learning to trade from http:// goo.gl/xc2v9I $ VEEV $ CVX $ ILMN $ ATVI $ TLT
leahanneta,2016-11-01 15:24:41,2016-11-01 15:24:41,Volume Alert - ATVI 42.90 Activision Blizzard $ ATVI Hit a high today of 43.37 Closing the day 10:30 at 42.90 - http:// investorshangout.com/post/view?id=4 150742 …
KeeneOnMarket,2016-11-01 14:47:58,2016-11-01 14:47:58,Shorts: $ FIVE $ HAL $ TXRH $ HOG Longs: $ SNA $ EA $ ATVI
movies_ent,2016-11-01 14:22:03,2016-11-01 14:22:03,What to Expect from #ActivisionBlizzard Q3 Earnings?. Read more: http:// owler.us/abM3ia $ ATVI
newswithvalue,2016-11-01 13:47:03,2016-11-01 13:47:03,$ DEO $ AAPL $ ATVI : Opinion: These are the seven stupidest ETFs on the planet: http://www. StockNewsWires.com/2016/11/01/deo -aapl-atvi-opinion-these-are-the-seven-stupidest-etfs-on-the-planet/ …
Allstocknews,2016-11-01 13:01:53,2016-11-01 13:01:53,$ ATVI BlizzCon(R) Returns This Week! From our Stock News Alerts App
ProfectuSystems,2016-11-01 10:12:41,2016-11-01 10:12:41,Great trading models at Profectus Systems $ AAPL $ BAC $ PG $ YHOO $ CHK $ WFC $ FB $ CRM $ GE $ MRO $ NFLX $ AMZN $ TSLA $ SPY $ VLO $ JBLU $ ATVI $ AMD
Investing_Books,2016-11-01 10:03:55,2016-11-01 10:03:55,Picking Growth Stocks by T. Rowe Price Jr. http:// amzn.to/2cOwU3T $ AMD $ SIRI $ FB $ CRM $ BABA $ MNST $ ENDP $ TTWO $ ATVI
LloydCreekStock,2016-11-01 09:39:18,2016-11-01 09:39:18,$ ATVI Top Ranked Growth Stocks to Buy for October 31st http:// ift.tt/2fcCkV5
StockNewsWires,2016-11-01 08:27:03,2016-11-01 08:27:03,$ ATVI $ DIS : DraftKings And FanDuel May Need To Combine To Compete: http://www. StockNewsWires.com/2016/11/01/atv i-dis-draftkings-and-fanduel-may-need-to-combine-to-compete/ …
moneyandstocks,2016-11-01 07:01:50,2016-11-01 07:01:50,http:// goo.gl/grWm7T <-- This millionaire trader teaches stock trading strategy and he is the BEST $ ZUMZ $ ATVI $ BITA $ CNAT $ Z
Trade_Alertinto,2016-11-01 06:06:05,2016-11-01 06:06:05,New to trading and need to build your trading account FAST? Try my new amazon ebook http:// smq.tc/1L9EqyU $ ATVI $ RENT $ KERX
MarketDeclassd,2016-11-01 03:30:35,2016-11-01 03:30:35,Rotating this blog in honor of earnings season $ FB $ UA $ BABA $ NFLX $ AAPL $ PFE $ BP $ EA $ RGR $ TWX $ SBUX $ ATVI http://www. shortmetina.com/blog1/holding- into-earnings-to-play-or-not-to-play …
StockWebTrading,2016-11-01 02:21:45,2016-11-01 02:21:45,"$ AAPL $ AMAT $ AMGN $ AMTD $ AMZN $ ATVI Trade long or long+short positions from the #NASDAQ , up to 1500% since 2010. http://www. stocktradehome.com/Results.html"
wininstocks2014,2016-11-01 01:41:06,2016-11-01 01:41:06,If you follow $ ROL Share your thoughts here ----> http:// dlvr.it/MZ4M1Z $ ATVI $ EGP $ GNE $ HII
movies_ent,2016-11-01 01:33:27,2016-11-01 01:33:27,#ActivisionBlizzard Inc. Stake Cut by Navellier & Associates Inc. Read more: http:// owler.us/abMTc3 $ ATVI
movies_ent,2016-11-01 01:32:50,2016-11-01 01:32:50,"Signature Financial Management Inc. Has $361,000 Position in #ActivisionBlizzard Inc. (). Read more: http:// owler.us/abMTc1 $ ATVI"
stock_forums,2016-11-01 00:48:04,2016-11-01 00:48:04,If you follow $ CRZO See what others are saying! ----> http:// dlvr.it/MZ3m5q $ TYPE $ ATVI $ SQNS $ COP
ConsumerFeed,2016-11-01 16:55:23,2016-11-01 16:55:23,Acuity Brands Inc. $ AYI Upgraded by Wells Fargo & Co. to Outperform http:// zpr.io/Pgckm
StockTradePicks,2016-11-01 15:59:35,2016-11-01 15:59:35,Option trading signal alerts with over 70% accuracy. Read: http:// nasdaqnewsreports.blogspot.com/2016/10/option -trading-signals-for-aapl-goog-fb.html … $ QLGC $ AYI $ BNIKF $ OMX $ BAESF $ BGG $ PMIR $ LINC $ CPHR
financhill,2016-11-01 15:44:08,2016-11-01 15:44:08,The seasonality trend for $ AYI might surprise traders this year. http:// bit.ly/1Vq3Ksy pic.twitter.com/OVCuPZxzkv
App_sw_,2016-11-01 23:22:00,2016-11-01 23:22:00,#Adobe Creativity Drives Business Success-Key Takeaways From the 2016 State of Create Report. Read Blog: http:// owler.us/abM8WH $ ADBE
TV_TradingIdeas,2016-11-01 20:09:53,2016-11-01 20:09:53,I believe ADBE is short $ ADBE http://www. tradingview.com/chart/ADBE/4A3 5C6tE-I-believe-ADBE-is-short/ …
StockTradePicks,2016-11-01 19:17:30,2016-11-01 19:17:30,How to profit big on weed microcap stocks. Read: http:// nasdaqnewsreports.blogspot.com/2016/10/the-gr een-gold-rush-on-marijuana.html … $ T $ VALE $ TWO $ CLDX $ INFY $ ADBE $ EXXI $ DNR $ LYB
WatchlistN,2016-11-01 18:36:20,2016-11-01 18:36:20,"Congress Asset Management Co. MA Has $65,267,000 Position in Adobe Systems Inc. $ ADBE http:// zpr.io/Pg4Mb"
BigEquityAlerts,2016-11-01 17:57:16,2016-11-01 17:57:16,Adobe Systems hits a 1 month low http:// tinyurl.com/hoqwfml $ ADBE #AdobeSystems pic.twitter.com/RAkHzq1z78
dailypoliticaln,2016-11-01 17:51:27,2016-11-01 17:51:27,"State Board of Administration of Florida Retirement System Has $70,563,000 Position in Adobe Systems Inc. $ ADBE http://www. dailypolitical.co"
tkirkpatrick1,2016-11-01 17:45:44,2016-11-01 17:45:44,$ ADBE short for me!
intercooleronli,2016-11-01 17:36:15,2016-11-01 17:36:15,Adobe Systems’ $ ADBE Neutral Rating Reaffirmed at Credit Suisse Group AG http:// zpr.io/Pg46Y
InvestmentU,2016-11-01 16:30:09,2016-11-01 16:30:09,The #SaaS model is a new norm in the #TechIndustry . $ ADBE $ MSFT $ ORCL http://www. investmentu.com/article/detail /52366/software-industry-viral-new-business-model#.WBjC79UrKUk …
dexoidan,2016-11-01 15:37:40,2016-11-01 15:37:40,$ GOOG $ MSFT $ ADBE Google drops a zero-day on Microsoft. Disclosing vulnerabilities to protect users. http:// goo.gl/HUhJv7 #Finance
stockboardinc,2016-11-01 13:05:08,2016-11-01 13:05:08,$ ADBE Creativity Pays: Global Survey From Adobe Links Being Creative to Stronger Personal and Professional... - http:// sbml.co/4a7a646d
Drugdoctor2014,2016-11-01 12:38:39,2016-11-01 12:38:39,$ KAYS +10%-Mon-Red Hot Marijuana-Oregon Chain Stores $ BIDU $ ADBE $ AMAT $ ADSK $ AVGO $ BRCD $ CDNS $ CAVM $ CERN $ CHKP $ CSCO $ CTXS $ CTSH $ CSC $ S pic.twitter.com/LOt5zMD9Eb
StockTradePicks,2016-11-01 12:35:24,2016-11-01 12:35:24,Option trading signal alerts with over 70% accuracy. Read: http:// nasdaqnewsreports.blogspot.com/2016/10/option -trading-signals-for-aapl-goog-fb.html … $ CSCO $ BX $ FDX $ CLDX $ ADBE $ DNR $ CBLI $ BMR $ STMP
Drugdoctor2014,2016-11-01 12:26:26,2016-11-01 12:26:26,"$ ARLZ $4.10 NEWS-Completes acq. of Metoprolol XL for $175,000,000-Stock rated $11 by Zacks! $ ADBE $ AMAT $ ADSK $ AVGO $ BRCD $ CDNS $ CAVM $ CERN pic.twitter.com/vOQ6uYqHGr"
goldrush201617,2016-11-01 08:15:04,2016-11-01 08:15:04,"ADBE Atossa Genetics, Inc. Bid Size Read More --> http:// dlvr.it/MZ7gLH $ ADBE $ PYPL $ AU #finance"
SleekMoneycom,2016-11-01 02:12:08,2016-11-01 02:12:08,"Stock Analysts’ Updated EPS Estimates for October, 31st $ ADBE , AEM, AXTA, BANR, BXMT, CAA, CAI, CAJ, CBOE, CHH http:// ift.tt/2eOxPDo"
Drugdoctor2014,2016-11-01 01:49:22,2016-11-01 01:49:22,2 Red Hot POT stocks - Retrace Over. $ KAYS .103+10% & $ EDXC .058 +7.5%$DIS $ VZ $ IBM $ MSFT $ BIDU $ ADBE $ AMAT $ ADSK $ AVGO $ BRCD $ CDNS $ CAVM pic.twitter.com/k6UyG7r5nG
RatingsNetwork,2016-11-01 01:47:34,2016-11-01 01:47:34,Adobe Systems's neutral rating reiterated at Credit Suisse Group AG. $105.00 PT. http:// ift.tt/2fbkzFx $ ADBE #ADBE
App_sw_,2016-11-01 00:29:37,2016-11-01 00:29:37,Personalization in #IoT | @ThingsExpo @#Adobe @Kevlindsay #DigitalMarketing . Read more: http:// owler.us/abMRUc $ ADBE
App_sw_,2016-11-01 00:05:31,2016-11-01 00:05:31,#Adobe Rolls Out Flash Player 24 Beta For Linux. Read more: http:// owler.us/abMQQk $ ADBE
App_sw_,2016-11-01 00:04:17,2016-11-01 00:04:17,Google reports exploit to #Adobe and Microsoft but there is still no Windows fix. Read more: http:// owler.us/abMQVC $ ADBE
App_sw_,2016-11-01 00:03:02,2016-11-01 00:03:02,10 Free Subtle Grunge Texture Brushes for #Adobe Photoshop. Read more: http:// owler.us/abMQQB $ ADBE
StockWebTrading,2016-11-01 19:37:28,2016-11-01 19:37:28,StockTipsDeal's Results: $ AAP opened SHORT on 10/25 at $143.00 and closed today's at $139.00 +2.80% http://www. stocktipsdeal.com/Results.html $ QQQ $ SPY $ DJIA
SpeedyCalls,2016-11-01 16:46:13,2016-11-01 16:46:13,"$ AAP 150 Calls SELLING Activity expiring on 18th Nov, Vol 1561"
intercooleronli,2016-11-01 16:45:23,2016-11-01 16:45:23,Advance Auto Parts Inc. $ AAP Stake Decreased by Tdam USA Inc. http:// zpr.io/PgcCu
toolbox87,2016-11-01 13:19:10,2016-11-01 13:19:10,A watch list for Nov 1th. $ RCL $ SHPG $ INCR #VRX $ ACIA $ AGN $ AAP and $ SPY $ AAPL $ NFLX $ TSLA
StockTradePicks,2016-11-01 12:48:52,2016-11-01 12:48:52,Option trading signal alerts with over 70% accuracy. Read: http:// nasdaqnewsreports.blogspot.com/2016/10/option -trading-signals-for-aapl-goog-fb.html … $ AAP $ PT $ INFI $ VTG $ CAA $ VEA $ CLFD $ WOOD $ PINC
enrikframtid,2016-11-01 09:06:25,2016-11-01 09:06:25,Ny entry i $ AAP idag
investalert,2016-11-01 07:31:31,2016-11-01 07:31:31,$ AAP is just below its Chandelier Exit of $140.21 http:// bit.ly/1ekDRba #AAP
WKRBNews,2016-11-01 23:48:35,2016-11-01 23:48:35,Symons Capital Management Inc. Acquires New Position in The AES Corp. $ AES http:// zpr.io/PgVPL
StockTradePicks,2016-11-01 12:48:07,2016-11-01 12:48:07,Option trading signal alerts with over 70% accuracy. Read: http:// nasdaqnewsreports.blogspot.com/2016/10/option -trading-signals-for-aapl-goog-fb.html … $ APO $ CPE $ AES $ LXRX $ BEN $ HEAR $ XTRM $ IDI $ GPDNF
stocksr4fun,2016-11-01 03:50:06,2016-11-01 03:50:06,If you follow $ MSCI Check out this site! ----> http:// dlvr.it/MZ5mvx $ AES $ ZG $ VLO $ DAL
financhill,2016-11-01 20:52:15,2016-11-01 20:52:15,What's next for $ AET ? http:// bit.ly/27MKYR0 pic.twitter.com/LHsogySQSe
DividendSheet,2016-11-01 19:04:49,2016-11-01 19:04:49,9 Cheapest Large Cap Healthcare Dividend Stocks - https:// goo.gl/zlFqRo - $ ABBV $ AET $ AMGN $ AZN $ CVS $ DGX $ GILD $ GSK $ NVS $ PFE $ SHPG $ TEVA
bnkinvest,2016-11-01 18:16:56,2016-11-01 18:16:56,Notable Tuesday Option Activity: $ PFE $ RRC $ AET #stockoptions http:// bit.ly/2fBrOuJ
SmartTraderTips,2016-11-01 18:04:38,2016-11-01 18:04:38,$ AET a short since 106.44 was broken. Targets 105.8(hit) & 104.32. Bulls need to retake 110 first. Weekly a short since 115. $ YM_F $ DIA pic.twitter.com/kJfv4xgs4K
ZolmaxNews,2016-11-01 17:54:39,2016-11-01 17:54:39,State Board of Administration of Florida Retirement System Boosts Position in Aetna Inc. $ AET http:// zpr.io/Pg4qW
WatchlistN,2016-11-01 16:27:56,2016-11-01 16:27:56,Aetna Inc. Expected to Earn Q2 2017 Earnings of $2.21 Per Share $ AET http:// zpr.io/PgcKu
VisualStockRSRC,2016-11-01 16:07:30,2016-11-01 16:07:30,$ AET - Health Law Enrollment Opens Amid Volatility -- 2nd Update http:// ih.advfn.com/p.php?pid=nmon a&article=72801954&adw=1126416 …
InsiderWire,2016-11-01 15:50:16,2016-11-01 15:50:16,"$ AET | ViewRay, Inc. is up 3463% since we reported $3,357,318 of insider buying on 08/24/2016. Did you make ... - http://www. insidertradingwire.com/aet-viewray-in c-is-up-3463-since-we-reported-3357318-of-insider-buying-on-08242016-did-you-make-the-right-play/ …"
h_c_services,2016-11-01 14:50:28,2016-11-01 14:50:28,"#Aetna , Banner Health embark on joint health plan . Read more: http:// owler.us/abM3rR $ AET"
FoxBusiness,2016-11-01 13:42:20,2016-11-01 13:42:20,A look at health insurers: $ AET $ HUM $ UNH $ CI $ ANTM pic.twitter.com/wJk66QZX2W
Lotp_Business,2016-11-01 13:41:54,2016-11-01 13:41:54,Business LOTP update: FoxBusiness: A look at health insurer stocks: $ AET $ HUM $ UNH $ CI $ ANTM https://twitter.com/FoxBusiness/status/793447870225448962/photo/1 pic.twitter.com/yvzHNOLu3c #busniess #news
KatieGotCash,2016-11-01 13:41:26,2016-11-01 13:41:26,Aetna Makes Resources Available to Members Affected by Hurricane Matthew $ AET #biotech http:// aet.na/2fAtDbF
ADXAlice,2016-11-01 13:41:05,2016-11-01 13:41:05,Aetna to Announce Third-Quarter 2016 Results $ AET #biotech http:// aet.na/2fAsjWb
QueenofStocks,2016-11-01 13:40:52,2016-11-01 13:40:52,Aetna and Banner Health Launch a New Joint Venture Health Plan in Arizona $ AET #biotech http:// aet.na/2fAvnkZ
StockTradePicks,2016-11-01 12:43:38,2016-11-01 12:43:38,Option trading signal alerts with over 70% accuracy. Read: http:// nasdaqnewsreports.blogspot.com/2016/10/option -trading-signals-for-aapl-goog-fb.html … $ AET $ TC $ SNV $ DDAIF $ MSLP $ VNO $ MPET $ PERY $ FAN
stock_forums,2016-11-01 03:46:43,2016-11-01 03:46:43,If you follow $ TREE See what others are saying! ----> http:// dlvr.it/MZ5kr2 $ HLT $ AET $ TNAV $ CELG
BMDaeneth,2016-11-01 01:00:20,2016-11-01 01:00:20,"Taking a hiatus... I will be going long, short, calls, and puts... you will not hear my comments here 4 a while $ AMZN $ TSLA $ AAPL $ AET $ ULTA"
midetimes,2016-11-01 21:11:36,2016-11-01 21:11:36,Cornerstone Capital Management LLC Cuts Position in Affiliated Managers Group Inc. $ AMG http:// mideasttime.com/?p=1366777
StockTradePicks,2016-11-01 15:55:06,2016-11-01 15:55:06,Option trading signal alerts with over 70% accuracy. Read: http:// nasdaqnewsreports.blogspot.com/2016/10/option -trading-signals-for-aapl-goog-fb.html … $ ALB $ CDXS $ AMG $ USAC $ JJC $ SATS $ BEAM $ MCF $ CHI
BigAlerts,2016-11-01 13:46:00,2016-11-01 13:46:00,Affiliated Managers Group hits a 1 quarter low http:// tinyurl.com/gw2uyvd $ AMG #AffiliatedManagersGroup pic.twitter.com/AaymVcJ6Nj
WKRBNews,2016-11-01 12:51:17,2016-11-01 12:51:17,Sumitomo Mitsui Asset Management Company LTD Sells 11 Shares of Affiliated Managers Group Inc. $ AMG http:// ift.tt/2f8WDEJ
stock_forums,2016-11-01 08:15:10,2016-11-01 08:15:10,If you follow $ AMG Check out this site! ----> http:// dlvr.it/MZ7gk2 $ DBVT $ VIP $ WHR $ GIII
WKRBNews,2016-11-01 07:11:17,2016-11-01 07:11:17,"Affiliated Managers Group Inc. $ AMG Releases Quarterly Earnings Results, Beats Estimates By $0.02 EPS http:// ift.tt/2eWvlAc"
investalert,2016-11-01 07:01:25,2016-11-01 07:01:25,$ AMG is just below its lower Bollinger Band of $132.94 http:// bit.ly/2eP7g0D #AMG
stocksr4fun,2016-11-01 03:41:03,2016-11-01 03:41:03,If you follow $ AMG Check out this site! ----> http:// dlvr.it/MZ5gX6 $ DRNA $ CQH $ ATW $ INTC
bfsi_financial,2016-11-01 01:43:57,2016-11-01 01:43:57,#AMG #distribution chief jumps ship to $100bn US quant shop. Read more: http:// owler.us/abMOc1 $ AMG
intercooleronli,2016-11-01 23:10:41,2016-11-01 23:10:41,Aflac Inc. $ AFL Position Maintained by Auxier Asset Management http:// zpr.io/Pgvev
DailyStockPlays,2016-11-01 23:08:06,2016-11-01 23:08:06,Stochastic OS http://www. dailystockplays.com/Stochastic-OS- 2016-11-01.html … $ CTL $ DBC $ ABEV $ AMZN $ AET $ ATVI $ TRGP $ PTEN $ ENDP $ WPZ $ WIN $ HCA $ HZNP $ CREE $ VSM $ IRT $ AFL
midetimes,2016-11-01 20:22:57,2016-11-01 20:22:57,"Grisanti Capital Management LLC Has $2,081,000 Position in Aflac Inc. $ AFL http:// mideasttime.com/?p=1366702"
thelegacynewswi,2016-11-01 20:21:08,2016-11-01 20:21:08,Loudon Investment Management LLC Decreases Position in Aflac Inc. $ AFL http:// zpr.io/Pgvte
FASTGraphs,2016-11-01 19:26:41,2016-11-01 19:26:41,"My Portfolio Update: 43 Holdings, 3 New And 3 Sells http:// seekingalpha.com/article/401013 2-portfolio-update-43-holdings-3-new-3-sells?source=tweet … $ AAPL $ AFL $ AMGN $ AMP $ ANTM $ BBL $ CAH $ CLX $ CMI $ CSCO $ CVS"
FASTGraphs,2016-11-01 19:26:01,2016-11-01 19:26:01,Dog Days Of Summer Portfolio Update http:// seekingalpha.com/article/400387 1-dog-days-summer-portfolio-update?source=tweet … $ AAPL $ AFL $ AMGN $ ANTM $ BBL $ CAH $ CLX $ CSCO $ CVS $ DEO $ DIS $ DUK $ GD $ GILD $ GLW
SEEKINGALPHA_FS,2016-11-01 19:24:27,2016-11-01 19:24:27,October Update: Dividend Growth Portfolio Is Up Almost 8% For The Year http:// seekingalpha.com/article/401774 9-october-update-dividend-growth-portfolio-almost-8-percent-year?source=twitter_sa_factset … $ ABBV $ AFL $ BA $ CMI $ COP $ CSCO $ CVS $ CVX
StockTradePicks,2016-11-01 19:21:03,2016-11-01 19:21:03,How to profit big on weed microcap stocks. Read: http:// nasdaqnewsreports.blogspot.com/2016/10/the-gr een-gold-rush-on-marijuana.html … $ PLUG $ HIMX $ AFL $ MBLY $ MCK $ GPS $ SSRI $ CS $ SJM
BigAlerts,2016-11-01 17:57:16,2016-11-01 17:57:16,AFLAC hits a 1 quarter low http:// tinyurl.com/zqjdcar $ AFL #AFLAC pic.twitter.com/clP2oy6RVP
RIConferences,2016-11-01 17:42:40,2016-11-01 17:42:40,Aflac $ AFL to present at Nov 3rd online investor roadshow > http:// bit.ly/2f9K1fW pic.twitter.com/YEBTGmWgeX
SureDividend,2016-11-01 16:34:05,2016-11-01 16:34:05,November 2016 List of Dividend Aristocrats [New Excel Download] http:// buff.ly/2eahHb7 $ CAH $ HCP $ AFL $ TGT $ PNR $ TROW $ BEN $ ABBV $ LOW $ VFC
StockTradePicks,2016-11-01 12:39:02,2016-11-01 12:39:02,Option trading signal alerts with over 70% accuracy. Read: http:// nasdaqnewsreports.blogspot.com/2016/10/option -trading-signals-for-aapl-goog-fb.html … $ PLUG $ HIMX $ AFL $ ETE $ OLED $ SWC $ MDW $ REFR $ ENI
Allstocknews,2016-11-01 12:04:37,2016-11-01 12:04:37,$ AFL Aflac Holiday Duck Sings in a Festive Season of Giving for Kids Fighting Cancer From our Stock News Alerts App
rohiniglobal,2016-11-01 07:41:44,2016-11-01 07:41:44,$ AFL chart https://www. tradingview.com/x/s3e3K2BL/ via http://www. tradingview.com
rohiniglobal,2016-11-01 07:13:07,2016-11-01 07:13:07,No comment (SEBI u listening?) $ AFL chart https://www. tradingview.com/x/62exzvbk/ via http://www. tradingview.com
rohiniglobal,2016-11-01 06:41:30,2016-11-01 06:41:30,great technical breakout $ AFL chart https://www. tradingview.com/x/OX38ixrf/ via http://www. tradingview.com
stockbard,2016-11-01 23:18:55,2016-11-01 23:18:55,$ FLOW $ MS $ HOT $ AT $ A $ FOE $ I $ TAP $ TWO $ SEAS $ AT $ A $ TIME $ HE $ ACE $ TEN $ DATA $ OUT $ SEAS
biotech_sector,2016-11-01 22:16:30,2016-11-01 22:16:30,"#Agilent #gilent , PureHoney Technologies Partner to Develop New Mass Spec Applications. Read more: http:// owler.us/abM6yW $ A"
stockbard,2016-11-01 20:48:58,2016-11-01 20:48:58,$ IT $ ATE $ MR $ SALT $ OUT $ A $ COUP $ I $ STAY $ RAD $ CUBS $ ARE $ RAD
midetimes,2016-11-01 19:15:50,2016-11-01 19:15:50,Agilent Technologies Inc. $ A Shares Sold by Birmingham Capital Management Co. Inc. AL http:// mideasttime.com/?p=1366619
stockbard,2016-11-01 18:48:58,2016-11-01 18:48:58,$ I $ AM $ MY $ POST $ TEN $ KEYS $ AGO $ HE $ EFF $ MR $ JOE $ OUT $ A $ GUT $ MY $ ESE
stockbard,2016-11-01 16:48:57,2016-11-01 16:48:57,$ ALL $ CUBS $ MY $ OAK $ IM $ FOR $ A $ GUT
krofss,2016-11-01 16:24:13,2016-11-01 16:24:13,"HALT =700 12 $ a Schumann, Robert, $ d 1810-1856. $ t Album für die Jugend. $ n Nr. 38, $ p Winterzeit."
stockbard,2016-11-01 16:18:57,2016-11-01 16:18:57,$ BORN $ MS $ HIVE $ OUT $ A $ BIN $ FLOW $ TWO $ CUBS $ TOO $ FUN $ HUM $ A $ SNOW
kobori_akira,2016-11-01 14:41:45,2016-11-01 14:41:45,"Rails でドメインロジックの実装方法まとめ - assertInstanceOf('Engineer', $ a _suenami) http:// a-suenami.hatenablog.com/entry/2014/12/ 07/200427 … めちゃくちゃ勉強になりました。いま悩んでいたことに対するヒントがたくさん。"
LSFinancial,2016-11-01 14:36:37,2016-11-01 14:36:37,"Call/Put Highest % volume changes: Calls: $ AGI , $ WLL , $ A , $ V , $ SVXY . Puts: $ CHRW , $ TWLO , $ DE , $ YELP , $ LVS ."
OptionAlert,2016-11-01 14:00:04,2016-11-01 14:00:04,"Unusually heavy option volume on today's open include $ PDCO , $ A , $ LVLT , $ ADM , and $ SNA ."
stockbard,2016-11-01 13:48:57,2016-11-01 13:48:57,$ I $ EAT $ AFT $ STAY $ MS $ AXE $ OUT $ A $ PEN $ I $ CRY $ MY $ ALLY $ FOR $ A $ COUP
Kksalkale,2016-11-01 12:40:42,2016-11-01 12:40:42,Bir de bakarsiniz birisini suclu diye kollarindan yakalami$lar. $ a $kin $ a $kin sorarsiniz. -Ne yapacaklar ? Yanit... -Birisini Asacaklar !
stockbard,2016-11-01 11:18:56,2016-11-01 11:18:56,$ FOR $ KEYS $ EFF $ AT $ A $ BIN $ FLY $ MR $ ALLY $ AT $ A $ GRAM
stockbard,2016-11-01 09:48:55,2016-11-01 09:48:55,$ I $ DO $ MR $ LOW $ AT $ A $ FUR $ I $ AM $ HOT $ I $ CRY $ HOT
zutter_bot,2016-11-01 06:06:10,2016-11-01 06:06:10,follow for more $ A $$Y MEME$
stockbard,2016-11-01 05:48:57,2016-11-01 05:48:57,$ IT $ EAT $ MR $ BIG $ YUM ! $ IT $ STAY $ TEN $ DATA $ AGO $ DO $ FOR $ A $ BOX
stockbard,2016-11-01 05:18:57,2016-11-01 05:18:57,$ AT $ A $ BLT $ HUM $ ONE $ PEN $ AT $ A $ COG $ EARN $ FOR $ SEAS
mgenc3434,2016-11-01 00:26:30,2016-11-01 00:26:30,Sisteme 3.5 milyar $ a yakın giriş temin ediyorlar bu durumda... ve hala $ ın ateşi düşmedi. https:// twitter.com/shaber_com/sta tus/793213502504796160 …
stockbard,2016-11-01 00:19:00,2016-11-01 00:19:00,$ YELP $ TWO $ FOR $ A $ COT $ MS $ RACE $ HE $ HUM $ AXE
YamasutaTrader,2016-11-01 21:20:00,2016-11-01 21:20:00,"$ APD - SELL Signal at 131.74 on Nov 01, 16 By http:// YaMasuta.com Trading Robot #Stockstowatch #Stockmarket #trading #trade #investing"
Allstocknews,2016-11-01 20:35:24,2016-11-01 20:35:24,$ APD Air Products End-Of-Day Quote Alert From our Stock News Alerts App
StockTradePicks,2016-11-01 19:20:10,2016-11-01 19:20:10,How to profit big on weed microcap stocks. Read: http:// nasdaqnewsreports.blogspot.com/2016/10/the-gr een-gold-rush-on-marijuana.html … $ SCTY $ VXX $ ECA $ CYS $ ERBB $ UBS $ CVM $ APD $ GOV
general_mining,2016-11-01 18:14:22,2016-11-01 18:14:22,#AirProducts : Appoints Dr. Samir J. Serhan Executive Vice President. Read more: http:// owler.us/abM4U8 $ APD
InsiderWire,2016-11-01 16:55:11,2016-11-01 16:55:11,"$ APD | Waters Corporation Common Stock is down 17% since we reported $4,045,890 of insider selling on ... - http://www. insidertradingwire.com/apd-waters-cor poration-common-stock-is-down-17-since-we-reported-4045890-of-insider-selling-on-08022016-did-you-protect-your-investment-27/ …"
MarketRealist,2016-11-01 16:49:12,2016-11-01 16:49:12,Did Praxair Release More than Hot Air in Its 3Q16 Earnings? http://marketrealist.com?p=1709211 marketrealist.com/?p=1709211 $ APD $ ECL $ IFF $ IYM
WatchlistN,2016-11-01 16:28:02,2016-11-01 16:28:02,Air Products and Chemicals Inc. $ APD Expected to Post Q2 2017 Earnings of $1.54 Per Share http:// zpr.io/PgcKr
Allstocknews,2016-11-01 16:21:15,2016-11-01 16:21:15,$ APD Air Products Appoints Dr. Samir J. Serhan Executive Vice President From our Stock News Alerts App
ConsumerFeed,2016-11-01 16:06:34,2016-11-01 16:06:34,Equities Analysts Offer Predictions for Air Products and Chemicals Inc.’s Q1 2017 Earnings $ APD http:// zpr.io/PgcxH
dailypoliticaln,2016-11-01 15:25:23,2016-11-01 15:25:23,Q2 2017 Earnings Forecast for Air Products and Chemicals Inc. Issued By KeyCorp $ APD http://www. dailypolitical.com/?p=772589
YamasutaTrader,2016-11-01 14:00:00,2016-11-01 14:00:00,"$ APD - BUY Signal at 133.43 on Oct 31, 16 By http:// YaMasuta.com , Trading Robot#Stockstowatch #Stockmarket #trading #trade #investing"
StockTradePicks,2016-11-01 12:38:21,2016-11-01 12:38:21,Option trading signal alerts with over 70% accuracy. Read: http:// nasdaqnewsreports.blogspot.com/2016/10/option -trading-signals-for-aapl-goog-fb.html … $ SSYS $ FEYE $ SRPT $ CYS $ UBS $ APD $ SQQQ $ VET $ JOBS
general_mining,2016-11-01 10:30:12,2016-11-01 10:30:12,#AirProducts to Highlight First Smart Burner for the Glass Industry at Conference on Glass P... Read more: http:// owler.us/abM1W1 $ APD
brianzinman,2016-11-01 23:42:34,2016-11-01 23:42:34,Last week beat & raise $ BA $ AKAM $ GIMO all hanging tough acting great $ TSRO in a really tough bio tape @TCMLLC $ AVXS a name mokeys know
DozenStocks,2016-11-01 23:02:03,2016-11-01 23:02:03,Nasdaq100 #Stocks Trend $ CHKP $ INCY $ LBTYA $ SYMC $ TRIP $ FOXA $ MAR $ ALXN $ TXN $ TMUS $ AKAM $ SIRI $ AAL $ CTXS $ CELG @http:// 12Stocks.com/QQQQ
financialskepti,2016-11-01 21:48:38,2016-11-01 21:48:38,"Akamai Technologies EVP James Gemmell Sells $126,699.51 in $ AKAM http://www. marketbeat.com/i/178169 via @RatingsNetwork"
financialskepti,2016-11-01 21:48:20,2016-11-01 21:48:20,"Akamai Technologies Insider Rick Mcconnell Sells $1,350,000.00 in $ AKAM http://www. marketbeat.com/i/178150 via @RatingsNetwork"
StockTradePicks,2016-11-01 19:18:40,2016-11-01 19:18:40,How to profit big on weed microcap stocks. Read: http:// nasdaqnewsreports.blogspot.com/2016/10/the-gr een-gold-rush-on-marijuana.html … $ BRK.B $ PSX $ KMB $ BSX $ AKAM $ BBT $ GT $ URI $ SWY
WyckoffSMI,2016-11-01 19:05:49,2016-11-01 19:05:49,Want to learn technical analysis? Visit our site right now to check out our online course! http://www. wyckoffsmi.com/product/wyckof f-unleashed-course/ … … $ wmt $ NFLX $ akam $ FB
TV_TradingIdeas,2016-11-01 18:01:19,2016-11-01 18:01:19,$ AKAM better take profits here if long $ AKAM http://www. tradingview.com/chart/AKAM/V1K NbiHo-AKAM-better-take-profits-here-if-long/ …
integrity128,2016-11-01 15:00:06,2016-11-01 15:00:06,$ AKAM just sat and watched the bounce. Had the alert and should have been on that when it held above 68
StockNewsWires,2016-11-01 14:09:03,2016-11-01 14:09:03,"$ AKAM $ PER : 7 Stocks That Rallied Four Days, Then Sold Off Yesterday: http://www. StockNewsWires.com/2016/11/01/aka m-per-7-stocks-that-rallied-four-days-then-sold-off-yesterday/ …"
iviewmarkets,2016-11-01 14:01:57,2016-11-01 14:01:57,Strongest Relative Strength $ SPY Tech names $ NVDA $ QCOM $ WDC $ NTAP $ FFIV $ CSC $ AMAT $ LLTC $ MU $ LRCX $ AKAM $ STX $ SYMC pic.twitter.com/WOFXPkGTyU
iEP1Q,2016-11-01 13:26:18,2016-11-01 13:26:18,"shorting $ OCLS @open, looking for $ GRVY short entry, and $ AKAM short entry, among others"
TraderHubInfo,2016-11-01 13:00:02,2016-11-01 13:00:02,Sell signal: #NASDAQ $ AKAM http:// traderhub.info/#/stocktwits/A KAM/bearish/2016-10-31/69.470001/55.29640008/20.402476919498 … http:// traderhub.info /
StockTradePicks,2016-11-01 12:43:15,2016-11-01 12:43:15,Option trading signal alerts with over 70% accuracy. Read: http:// nasdaqnewsreports.blogspot.com/2016/10/option -trading-signals-for-aapl-goog-fb.html … $ AKAM $ GT $ SWY $ BIB $ CVC $ JIVE $ USMV $ RDHL $ ENER
scalpthatstock,2016-11-01 12:21:28,2016-11-01 12:21:28,Yesterdays All New 52-Week Highs http:// scalpthatstock.com/new-52-week-hi ghs-10312016/ … $ BRCD $ ITUB $ BBD $ TCK $ MA $ HOG $ STM $ AKAM & More pic.twitter.com/SHZvQtwYeZ
WKRBNews,2016-11-01 10:01:58,2016-11-01 10:01:58,Akamai Technologies Inc. $ AKAM Price Target Increased to $67.00 by Analysts at Royal Bank Of Canada http:// ift.tt/2e91BhZ
WKRBNews,2016-11-01 10:01:57,2016-11-01 10:01:57,Akamai Technologies Inc. $ AKAM Given New $75.00 Price Target at Deutsche Bank AG http:// ift.tt/2fzNyHH
AnalystActions,2016-11-01 06:30:02,2016-11-01 06:30:02,"$ AKAM : Bullish analyst action by FBR Capital on Akamai Technologies, Inc. - Common Stock: http:// stockratingreport.com/fbr-capital-up grades-akam-10-26-2016 … pic.twitter.com/cCbaQ9XiHt"
Trade_Alertinto,2016-11-01 05:06:23,2016-11-01 05:06:23,"Connor Bruggeman SchoolTrader made $300,000 in 1 yr while in high school http:// smq.tc/1GEVxL7 $ GRUB $ KNDI $ AKAM $ EW $ BIB $ FDX"
wininstocks2014,2016-11-01 04:37:47,2016-11-01 04:37:47,If you follow $ CENTA Share your thoughts here ----> http:// dlvr.it/MZ6Kcs $ AKAM $ SAIA $ IFF $ RSPP
scalpthatstock,2016-11-01 00:09:19,2016-11-01 00:09:19,All New 52-Week Highs http:// scalpthatstock.com/new-52-week-hi ghs-10312016/ … $ BRCD $ ITUB $ BBD $ TCK $ MA $ HOG $ STM $ AKAM & More pic.twitter.com/rK4fo09Qja
RatingsNetwork,2016-11-01 23:47:05,2016-11-01 23:47:05,Get the latest ratings for $ ALK $ AWI $ APIC $ CALX $ DAL in your inbox with MarketBeat Daily http:// bit.ly/arndailyw
_airlines_,2016-11-01 22:44:17,2016-11-01 22:44:17,#AlaskaAir From glen to table: Scotland's hunter-gatherer chef. Read Blog: http:// owler.us/abM7Je $ ALK
_airlines_,2016-11-01 21:44:59,2016-11-01 21:44:59,NASA To Equip #AlaskaAirlines With ADS-B In Tool. Read more: http:// owler.us/abM6kt $ ALK
StockTradePicks,2016-11-01 19:18:36,2016-11-01 19:18:36,How to profit big on weed microcap stocks. Read: http:// nasdaqnewsreports.blogspot.com/2016/10/the-gr een-gold-rush-on-marijuana.html … $ MO $ VLO $ WM $ TBT $ IMUC $ HALO $ RENN $ ALK $ SSNGY
WKRBNews,2016-11-01 17:42:32,2016-11-01 17:42:32,"Condor Capital Management Buys 1,624 Shares of Alaska Air Group Inc. $ ALK http:// ift.tt/2f6N7nk"
StockTradePicks,2016-11-01 12:36:41,2016-11-01 12:36:41,Option trading signal alerts with over 70% accuracy. Read: http:// nasdaqnewsreports.blogspot.com/2016/10/option -trading-signals-for-aapl-goog-fb.html … $ MCD $ CMG $ EMR $ TBT $ DG $ ALK $ RLNIY $ EEQ $ CLNT
actionclutch,2016-11-01 11:31:33,2016-11-01 11:31:33,You Can Collect A Safe 16% IRR By Yearend With This Microsoft Deal http:// seekingalpha.com/article/401252 6-can-collect-safe-16-percent-irr-yearend-microsoft-deal?source=tweet … $ AGN $ ALJ $ ALK $ AVT $ AXP $ BAC $ CRM $ CVT $ DK
headlneapp,2016-11-01 02:49:37,2016-11-01 02:49:37,Here’s Why Airline Stocks Still Hold Promise https:// scutify.com/articles/2016- 11-01--heres-why-airline-stocks-still-hold-promise-dal-aal-ual-jblu-luv-as-new-markets-open-opportunities-rise-for-investors … $ DAL $ AAL $ UAL $ JBLU $ LUV $ COPA $ ALK $ GOL #airlines #transportation pic.twitter.com/03i37IESP6
WarrenofWallSt,2016-11-01 02:40:36,2016-11-01 02:40:36,Ouch. #AlaskaAirGroup $ ALK EPS expected to drop -4.5% next year.. https:// simplywall.st/NYSE:ALK/alask a-air-group/?utm_medium=twitter&anchor=growth-in-earnings#growth-in-earnings … pic.twitter.com/fHwdfzqYu4
Trade43va,2016-11-01 00:05:10,2016-11-01 00:05:10,$ ALK looks oversold here on 53
jgoldenstorm,2016-11-01 19:39:03,2016-11-01 19:39:03,good #reversal candidate: $ ALB http:// stockcharts.com/h-sc/ui?s=ALB& p=D&yr=1&mn=0&dy=0&id=p34279643910 … #finance
SEEKINGALPHA_FS,2016-11-01 19:04:44,2016-11-01 19:04:44,"Copper, Zinc And Lithium - Fresh Value, The Boom And The Pull Back http:// seekingalpha.com/article/401769 1-copper-zinc-lithium-fresh-value-boom-pull-back?source=twitter_sa_factset … $ ALB $ GLNCY $ TCK $ TREVF $ BHP $ LUNMF $ FCX $ SCCO"
ChartMill,2016-11-01 16:25:07,2016-11-01 16:25:07,Great setup today! Check out $ ALB on http:// stockcharts.chartmill.com/u/Bkgs1fHUlx #setups #HispanicHeritageMonth #BoJ
StockTradePicks,2016-11-01 15:55:06,2016-11-01 15:55:06,Option trading signal alerts with over 70% accuracy. Read: http:// nasdaqnewsreports.blogspot.com/2016/10/option -trading-signals-for-aapl-goog-fb.html … $ ALB $ CDXS $ AMG $ USAC $ JJC $ SATS $ BEAM $ MCF $ CHI
ProTradersNews,2016-11-01 13:49:03,2016-11-01 13:49:03,$ ALB : Albemarle: Expect Shares To Trade Horizontally Till Year-End: http://www. StockNewsWires.com/2016/11/01/alb -albemarle-expect-shares-to-trade-horizontally-till-year-end/ …
stockfollower4u,2016-11-01 06:33:33,2016-11-01 06:33:33,"ALB Advanced Energy Industries, Inc. Exchange Read More --> http:// dlvr.it/MZ7f1y $ ALB $ ILF $ ATRS #finance"
ChartMill,2016-11-01 03:50:06,2016-11-01 03:50:06,Feeling the need for a nice setup today? Check out $ ALB at http:// stockcharts.chartmill.com/u/HkgLlbqBle #RallyTogether #HappyDhanteras
TMFVelvetHammer,2016-11-01 21:50:07,2016-11-01 21:50:07,Interested in learning more about the $ AA $ ARNC Alcoa/Arconic separation? I'll be on @CNBCi at 6:15 EDT tonight talking about it.
D_metal_minings,2016-11-01 17:18:07,2016-11-01 17:18:07,#Alcoa splits into 2 independent companies. Read more: http:// owler.us/abM4Ca $ AA
ProfitTradeRoom,2016-11-01 16:33:03,2016-11-01 16:33:03,Hot stocks today $ NSPR $ AA $ OCLS $ BRCD $ WIX $ BKD $ SKLN $ TRNC $ ADPT $ PBI $ LNKD $ COH $ YUM $ WMT $ BBRY $ CMI $ TMUS $ HLT $ NVCN $ WFT $ AMMJ $ GBR
eoindinsmore,2016-11-01 16:29:05,2016-11-01 16:29:05,"Alcoa split today Alcoa $ AA and Arconic $ ARCN share price performance: Alcoa +7.77%, Arconic -7.2% #commodities back in from the cold pic.twitter.com/XkslfrBd88"
stock_wars,2016-11-01 16:00:06,2016-11-01 16:00:06,"U.S. Active (Stock Wars): $ CNBX +33.87%, $ MCOA +23.05%, $ NSPR +151.05%, $ AA +7.98%, $ MJNA +4.48% http:// bit.ly/p7c4p8 #StockWars"
BColwell_ALT,2016-11-01 15:55:29,2016-11-01 15:55:29,#Alcoa : #Activist Driven Split $ aa . #aluminum #alumina #basemetal #basemetals #commodities #industrialmetals #mining http:// ow.ly/yhyq305wpu6
WatchlistN,2016-11-01 15:25:30,2016-11-01 15:25:30,Alcoa Inc. $ AA Now Covered by Analysts at Macquarie http:// zpr.io/PgcnX
drastichs,2016-11-01 15:18:02,2016-11-01 15:18:02,Today's most impressive #stocks ? $ AUMN +8.07% $ PAAS +5.05% $ NQ -6.96% $ CMLS -5.79% $ MOS +5.10% $ BKD -21.80% $ AA +6.11% $ GALE -14.63%
sagarrastephoto,2016-11-01 15:15:23,2016-11-01 15:15:23,"What is going on with $ AA and $ arnc ? Looks like at end of the day, we will be in negative with Alcoa going up and arconic going down :("
OptionAlert,2016-11-01 15:15:03,2016-11-01 15:15:03,"Notable gainers among liquid option names this morning include $ ADM (+7.8%), $ AA (+6.9%), $ COH (+5.1%), $ MOS (+5.1%), and $ MLM (+4.3%),"
jaruppert,2016-11-01 15:10:25,2016-11-01 15:10:25,Almost forgot about the Alcoa $ AA / Arconic $ ARNC split. Did a small spit-take after checking in on $ AA .
SconsetCapital,2016-11-01 14:24:38,2016-11-01 14:24:38,"Possible managers who now own a new, full $ ARNC position and only 1/3 of their old $ AA are dumping $ ARNC and buying $ AA back."
MadMoneyOnCNBC,2016-11-01 14:13:29,2016-11-01 14:13:29,$ ARNC starts trading separately from $ AA today -- here's what the CEO told us about the split http:// cnb.cx/2foysFE
gonzabardin,2016-11-01 13:51:40,2016-11-01 13:51:40,Alcoa $ AA se separó en dos compañías que empiezan a cotizar separadamente hoy. La otra se llama Argonic $ ARNC
gameplanxyz,2016-11-01 13:32:01,2016-11-01 13:32:01,"$ AA #breakdown #support 25.58 detected 9:31 AM, Nov 1 EDT; recent #resistance 27.49 https:// goo.gl/IJIf7S #bearish"
DekmarTrades,2016-11-01 12:54:53,2016-11-01 12:54:53,Gap Scan: $ OCLS $ SGNL $ IFMI $ SKLN $ IPI $ ECA $ PBF $ JNUG $ ANGI $ NAK $ OMER $ USLV $ GCI $ NUGT $ NVCN $ AA $ TRNC $ BKD $ BAS pic.twitter.com/mzc1SIyQTH
CBOE,2016-11-01 12:53:39,2016-11-01 12:53:39,"DOWNSIDE pre-mkt: $ YUM , $ AA , $ TRNC , $ BKD , $ LB , $ PBI , $ RAIL , $ GDXS , $ CMI , $ BABA , $ YHOO , $ PFE powered by http://www. livevol.com pic.twitter.com/7mOavj97Jm"
Benzinga,2016-11-01 12:35:02,2016-11-01 12:35:02,15 Stocks Moving In Tuesday's Pre-Market http:// benzinga.com/z/8629504 $ AA $ ALLT $ ANGI $ OCLS $ SSRI $ OCLR $ ONVO $ OMER $ CNQ $ LB $ SHPG $ RAIL $ BSPM
AndrewTonner,2016-11-01 12:11:43,2016-11-01 12:11:43,Stanley Druckenmiller #Investment Style: What Made This Macro #Investor a Hedge Fund #Billionaire http://www. fool.com/investing/2016 /10/29/stanley-druckenmiller-investment-style-what-made-t.aspx … $ HAL $ FCX $ DE $ AA
D_metal_minings,2016-11-01 09:47:54,2016-11-01 09:47:54,CEO Klaus Kleinfeld on #Alcoa Split: Management Challenges. Read more: http:// owler.us/abM1Gr $ AA
D_metal_minings,2016-11-01 09:47:17,2016-11-01 09:47:17,CEO Klaus Kleinfeld on #Alcoa Split: Management Challenges. Read more: http:// owler.us/abM1Gu $ AA
MissRHumph,2016-11-01 09:12:01,2016-11-01 09:12:01,"$ AA split, Nov 1. CEO talks about #Arconic on @MadMoneyOnCNBC https:// twitter.com/madmoneyoncnbc /status/793105532198486016 …"
FinSentS_SP500,2016-11-01 07:17:35,2016-11-01 07:17:35,$ AA :US Alcoa Inc. (AA) To Go Ex-Dividend on November 2nd #ALCOA INC http:// tinyurl.com/zsrv5qk #SP500
Flower_Power_67,2016-11-01 02:06:13,2016-11-01 02:06:13,1/2 #MadMoneyEspresso $ HD $LOW$LB— $NWL— $ NKE $UA$ZBH$NVO$ABC$MCK$CAH— $ AA $ARNC— $AMGN—wait $RPM— $NTNX—nibble $HRB—$INTU mo better
YamasutaTrader,2016-11-01 01:50:00,2016-11-01 01:50:00,"$ AA - BUY Signal at 28.725 on Oct 31, 16 By http:// YaMasuta.com , Trading Robot#Stockstowatch #Stockmarket #trading #trade #investing"
stock_forums,2016-11-01 01:49:05,2016-11-01 01:49:05,If you follow $ VALE What do you think about it? ----> http:// dlvr.it/MZ4RWY $ SHOO $ REI $ AA $ BCR
ACE52weekhigh,2016-11-01 00:19:49,2016-11-01 00:19:49,$ AA http:// stocktwits.com/ACE52WeekHigh/ message/65936302 …
Super1NYC,2016-11-01 00:18:00,2016-11-01 00:18:00,"$ AA to split into 2 separate public traded companies, Alcoa (AA) & Arconic ( $ ARNC , new) Will be effective before open tomorrow, 11/1/2016."
DozenStocks,2016-11-01 23:01:47,2016-11-01 23:01:47,Nasdaq100 #Stocks Performance $ INCY $ TSCO $ BMRN $ VRTX $ ILMN $ MYL $ CELG $ XRAY $ WFM $ BIIB $ SYMC $ ALXN $ GILD more@http:// 12Stocks.com/QQQQ
dailypoliticaln,2016-11-01 21:08:41,2016-11-01 21:08:41,Cornerstone Capital Management LLC Increases Position in Alexion Pharmaceuticals Inc. $ ALXN http://www. dailypolitical.com/?p=773276
StockTradePicks,2016-11-01 19:18:08,2016-11-01 19:18:08,How to profit big on weed microcap stocks. Read: http:// nasdaqnewsreports.blogspot.com/2016/10/the-gr een-gold-rush-on-marijuana.html … $ SBUX $ UA $ VNR $ PXD $ FFIV $ ALXN $ NGG $ ZTS $ PII
DozenStocks,2016-11-01 15:51:33,2016-11-01 15:51:33,Nasdaq100 #Stocks Trend $ CHKP $ AAL $ LBTYA $ TRIP $ INCY $ ALXN $ LVNTA $ EXPE $ SYMC $ TMUS $ FOXA $ AKAM $ MAR $ SRCL @http:// 12Stocks.com/QQQQ
dailypoliticaln,2016-11-01 15:39:36,2016-11-01 15:39:36,Alexion Pharmaceuticals Inc. $ ALXN Upgraded by Vetr Inc. to “Sell” http://www. dailypolitical.com/?p=772640
iviewmarkets,2016-11-01 14:17:21,2016-11-01 14:17:21,Greatest MACD increase within $ SPY $ EMN $ HSY $ NOC $ VRSN $ RCL $ MLM $ LMT $ CVX SRCL $ ALXN $ SYK $ ICE $ PSA $ ROP $ GWW pic.twitter.com/GIkn4Kl02k
WrigleyTom,2016-11-01 14:01:45,2016-11-01 14:01:45,"$ IBB $ BIB nHod 30m into trade, also $ CELG $ MNK $ SRPT $ AGN $ OPHT $ VRTX $ BIIB $ IONS $ VRTX $ ALXN $ ILMN $ BMRN $ OPHT $ REGN $ ARIA $ AMGN $ BMY $ JUNO"
StockTradePicks,2016-11-01 12:36:07,2016-11-01 12:36:07,Option trading signal alerts with over 70% accuracy. Read: http:// nasdaqnewsreports.blogspot.com/2016/10/option -trading-signals-for-aapl-goog-fb.html … $ NFLX $ INVN $ BHI $ PXD $ ALXN $ ZTS $ RUSL $ TRXC $ GOF
Lin_ling_88,2016-11-01 12:30:42,2016-11-01 12:30:42,$ ALXN : Alexion Pharma Fairly Valued Despite Strong Q3 - Barron's PT raised from $92 to $130 http://www. barrons.com/articles/alexi on-pharma-fairly-valued-despite-strong-q3-1477994708?mod=yahoobarrons&ru=yahoo …
WKRBNews,2016-11-01 11:51:28,2016-11-01 11:51:28,Alexion Pharmaceuticals Inc. $ ALXN Rating Increased to Buy at Goldman Sachs Group Inc. http:// ift.tt/2f5nSlz
TalkMarkets,2016-11-01 10:58:33,2016-11-01 10:58:33,Biotech Meltdown: Financial Metrics Offer Few Clues For What is Next $ SGEN $ IBB $ XBI $ ALXN $ CELG $ BMY $ GILD $... https:// goo.gl/fBLUvX
AnalystActions,2016-11-01 10:53:03,2016-11-01 10:53:03,"$ ALXN : Bullish analyst action by FBR Capital on Alexion Pharmaceuticals, Inc. - Common Stock: http:// stockratingreport.com/fbr-capital-up grades-alxn-10-28-2016 … pic.twitter.com/8WyhYgafx3"
DozenStocks,2016-11-01 10:01:54,2016-11-01 10:01:54,Weekly Nasdaq100 #Stocks Trend $ ADI $ AKAM $ AAL $ LBTYA $ CHKP $ MDLZ $ ADSK $ ALXN $ EXPE $ WDC $ AMAT $ BIDU $ PCLN @http:// 12Stocks.com/QQQQ
headlneapp,2016-11-01 02:41:33,2016-11-01 02:41:33,"3 Big Stock Charts: ConocoPhillips, Western Digital Corp & Alexion Pharmaceuticals, Inc. https:// scutify.com/articles/2016- 11-01--3-big-stock-charts-conocophillips-cop-western-digital-corp-wdc-and-alexion-pharmaceuticals-inc-alxn-heres-how-to-play-the-post-earnings-moves-in-cop-wdc-and-alxn … $ COP $ WDC $ ALXN #stocks pic.twitter.com/1yK9dI9uZf"
EquitySystems,2016-11-01 01:54:03,2016-11-01 01:54:03,Biggest losers today large caps: $ ZBH -13.99% $ CTL -12.54% $ JCI -7.86% $ BHI -6.29% $ HES -4.63% $ PRGO -4.45% $ MRO -3.94% $ ALXN -3.75%
MarketRealist,2016-11-01 00:56:25,2016-11-01 00:56:25,Alexion Pharmaceuticals Turns In a Healthy 3Q16 Performance http://marketrealist.com?p=1708633 marketrealist.com/?p=1708633 $ ALXN $ JNJ $ MRK $ PFE
FinSentS_SP500,2016-11-01 23:12:05,2016-11-01 23:12:05,$ ALLE :US Allegion PLC (ALLE) Rating Increased to Buy at Imperial Capital #ALLEGION PLC http:// tinyurl.com/zkyutts #SP500
DailyStockPlays,2016-11-01 22:49:29,2016-11-01 22:49:29,1234 Bearish http://www. dailystockplays.com/1234-Bearish-2 016-11-01.html … $ ALLE $ TBI $ FII $ TEX $ MPC $ CRS $ AXL $ COL $ SABR $ SQ
AnalystActions,2016-11-01 19:43:02,2016-11-01 19:43:02,$ ALLE : Bullish analyst action by Imperial Capital on Allegion plc Ordinary Shares: http:// stockratingreport.com/imperial-capit al-upgrades-alle-11-1-2016 … pic.twitter.com/qtxNx5wTqs
TradeWithSuper,2016-11-01 14:51:19,2016-11-01 14:51:19,Benzinga: 7 Biggest Price Target Changes For Tuesday http:// benzinga.com/z/8630301 $ ALLE $ CVX $ JNPR $ VALE $ LVLT $ SGMO $ XRAY
homee_security,2016-11-01 14:50:28,2016-11-01 14:50:28,#Allegion Receives Imperial Upgrade Following Q3's Strong Organic Growth. Read more: http:// owler.us/abM3rC $ ALLE
Milastocks,2016-11-01 14:22:48,2016-11-01 14:22:48,"The Market In 5 Minutes: Pfizer's Earnings, Gannett Drops Tronc Bid http:// benzinga.com/z/8628748 $ ALLE $ BABA $ COH #premarket via @benzinga"
TradeWithSuper,2016-11-01 13:39:34,2016-11-01 13:39:34,Benzinga: Benzinga's Top Upgrades http:// benzinga.com/z/8629656 $ ALLE $ BRCD $ CVX $ ZBH $ WCC $ SYK $ MPC $ VMW $ XRAY $ LQ
silverjet2,2016-11-01 13:10:19,2016-11-01 13:10:19,Notable Analyst Upgrades 11/01 $ ALLE $ BKU $ BRCD $ CVX $ HFC $ LQ $ NEP $ PBF $ TGNA $ WCC $ XRAY $ ZBH
StockTradePicks,2016-11-01 12:44:26,2016-11-01 12:44:26,Option trading signal alerts with over 70% accuracy. Read: http:// nasdaqnewsreports.blogspot.com/2016/10/option -trading-signals-for-aapl-goog-fb.html … $ HP $ UAN $ CX $ OCZ $ OPXA $ NSR $ ET $ ALLE $ BFOR
SleekMoneycom,2016-11-01 11:51:49,2016-11-01 11:51:49,"Equities Research Analysts’ Upgrades for November, 1st $ ALLE , BRCD, CBI, CVX, ERJ, ILMN, JBT, JCI, LGCY, LQ http:// ift.tt/2fcXTVK"
StockNewsWires,2016-11-01 11:20:03,2016-11-01 11:20:03,$ ALLE : Imperial Capital Upgrades Allegion (ALLE) to Outperform: http://www. StockNewsWires.com/2016/11/01/all e-imperial-capital-upgrades-allegion-alle-to-outperform/ …
firsttomarkets,2016-11-01 10:15:09,2016-11-01 10:15:09,Allegion PLC Upgrade by Imperial Capital (Ranked 34th) to Outperform $ ALLE #ALLE http://www. firsttomarkets.com/FTMMobile/#/st ock/2929 …
SpeedyCalls,2016-11-01 09:53:14,2016-11-01 09:53:14,$ ALLE hearing Upgraded
usratings,2016-11-01 09:52:18,2016-11-01 09:52:18,"Imperial Capital upgrades $ ALLE from In-line to Outperform, target price to $72 http:// 99wallstreet.com/ratings/stock/ ALLE/ …"
RatingsNetwork,2016-11-01 09:22:08,2016-11-01 09:22:08,Allegion PLC upgraded by Imperial Capital to buy. $72.00 PT. http:// ift.tt/2f83s92 $ ALLE #ALLE
ConsumerFeed,2016-11-01 09:21:14,2016-11-01 09:21:14,Allegion PLC upgraded by Imperial Capital to buy. $72.00 PT. http:// ift.tt/2f83s92 $ ALLE #ALLE
TipRanksFeed,2016-11-01 09:11:01,2016-11-01 09:11:01,1-star analyst Jeff Kessler from Imperial Capital upgraded rating on $ ALLE to BUY. Jeff has a -3.4% avg rtrn https:// goo.gl/vkzLFp #NYSE
ARatings,2016-11-01 08:59:50,2016-11-01 08:59:50,Allegion Got Some Good News $ ALLE http://www. analystratings.com/2016/11/01/all egion-got-some-good-news/457658/ …
raymond10mm,2016-11-01 23:23:07,2016-11-01 23:23:07,$ AMZN $ JCI $ GM $ HON $ GE $ UTX $ BA $ DUK $ NEE $ D $ GOOGL $ AAPL $ FB $ BABA $ NFLX $ V $ JPM $ WFC $ BRK -B $ PG $ XOM $ AGN $ AGI $ GS $ PNC $ MA $ BAC $ VZ $ DIS pic.twitter.com/VSj03WbBsc
brianfires,2016-11-01 22:55:35,2016-11-01 22:55:35,$ VRX $ AGN $ SRPT $ MYL $ MRK $ AAPl $ SPY $ PEP $ TWTR $ AMGN $ TSRO $ KO $ FB $ HLF $ IEP $ JNJ Short or Stay Short Valeant at your Account's Peril!
CROW633,2016-11-01 21:34:06,2016-11-01 21:34:06,"Notable earnings before Wednesday’s open https:// seekingalpha.com/news/3219194?s ource=ansh … $ ABC , $ ADP , $ AGN , $ ALKS , $ AMSC , $ ANTM , $ ARCC , $ ARCO , $ ASC , $ BABA , $ BAH"
kenser80,2016-11-01 20:11:34,2016-11-01 20:11:34,"$ TTOO Why didnt $ AGN partner with $ AXDX ? They have the greatest resistance dx product out there right? Oh thats right, they're a fraud..."
WrigleyTom,2016-11-01 20:02:31,2016-11-01 20:02:31,$ TTOO Announces Collaboration With $ AGN to Develop the First Blood-Based Diagnostic Panel to Detect Antimicrobial Resistance -Dow Jones
PrimeTimeEquity,2016-11-01 19:20:55,2016-11-01 19:20:55,"Hey my man @jimcramer , Whats going on here $ AGN ? we need to buy more its down double digit % recently. Wait till after election maybe?"
Tootix,2016-11-01 19:11:57,2016-11-01 19:11:57,#Genfit raises €45M and gets Closer to the First #NASH Cure $ GNFT $ ICPT $ GILD $ AGN $ SAN http:// labiotech.eu/genfit-rights- offering-nash-cure/ … via @labiotech_eu
RussellKBrett,2016-11-01 17:07:47,2016-11-01 17:07:47,$ PFE $ AMGN $ ABBV $ AZN $ JNJ $ REGN $ SNY $ AGN Pfizer Is A Superior Choice Over Amgen And Abbvie: http://www. seekingalpha.com/article/4017634
Lin_ling_88,2016-11-01 15:33:46,2016-11-01 15:33:46,"PT updates: $ AMZN : $953 from $877, by Axiom Capital $ TWLO : $50 by Oppenheimer $ AGN : $293 from $299, haircut by Mizuhu"
eWhispers,2016-11-01 15:22:37,2016-11-01 15:22:37,AM #earnings $ BABA $ YELP $ AGN $ TWX $ SHOP $ CLX $ KATE $ VMC $ DLPH $ ANTM $ ALKS $ ABC $ EL $ CCJ $ ODP $ ADP $ NRZ $ CRTO $ FLWS http:// eps.sh/cal pic.twitter.com/3h2xB6SpBl
WrigleyTom,2016-11-01 14:01:45,2016-11-01 14:01:45,"$ IBB $ BIB nHod 30m into trade, also $ CELG $ MNK $ SRPT $ AGN $ OPHT $ VRTX $ BIIB $ IONS $ VRTX $ ALXN $ ILMN $ BMRN $ OPHT $ REGN $ ARIA $ AMGN $ BMY $ JUNO"
toolbox87,2016-11-01 13:19:10,2016-11-01 13:19:10,A watch list for Nov 1th. $ RCL $ SHPG $ INCR #VRX $ ACIA $ AGN $ AAP and $ SPY $ AAPL $ NFLX $ TSLA
OpenOutcrier,2016-11-01 13:14:34,2016-11-01 13:14:34,Top Earnings Tu 11/2 Pre: $ ABC $ ADP $ AGN $ ALKS $ AMSC $ ANTM $ ARCC $ ARCO $ BABA $ BAH $ BDC $ BG $ BPY $ CCJ $ CDK $ CDW $ CEVA $ CLH $ CLX $ CRTO (1/3)
ChartMill,2016-11-01 00:25:07,2016-11-01 00:25:07,"$ AGN hot on social media now, but analyzed at ChartMill everyday http:// stockcharts.chartmill.com/u/rkgs1ZvSgg #indiegame #Nifty"
stockbard,2016-11-01 23:48:56,2016-11-01 23:48:56,$ EFF $ MS $ KIM $ ALL $ ADS $ AGO $ CUBS $ ARE $ ONE $ FLY $ MY $ RATE $ AT $ MEN
FinSentS_Eur600,2016-11-01 23:32:58,2016-11-01 23:32:58,$ ADS :GR Neuer Adidas-Chef prsentiert Quartalszahlen: Kasper Rorsted tritt in groe Fustapfen #ADIDAS AG http:// tinyurl.com/zlrtnv6 #STOXX600
ZolmaxNews,2016-11-01 23:11:35,2016-11-01 23:11:35,Cambridge Trust Co. Acquires 323 Shares of Alliance Data Systems Corp. $ ADS http:// zpr.io/Pgvcj
stockbard,2016-11-01 21:48:55,2016-11-01 21:48:55,$ DANG ! $ IT $ EAT $ AT $ A $ RICE $ I $ AM $ MS $ FUN $ AT $ ADS $ EAT $ ONE $ OUT $ MEN
ZolmaxNews,2016-11-01 21:15:26,2016-11-01 21:15:26,"Cornerstone Capital Management LLC Purchases Shares of 179,685 Alliance Data Systems Corp. $ ADS http:// zpr.io/PgvNx"
stockbard,2016-11-01 19:48:57,2016-11-01 19:48:57,$ HE $ ACE $ HD $ SWAY $ FOR $ ADS $ TOO $ ONE
stockbard,2016-11-01 19:18:57,2016-11-01 19:18:57,$ DANG ! $ IM $ HOT $ ATE $ AT $ ADS
NAlves_EJ,2016-11-01 18:43:47,2016-11-01 18:43:47,"Nike's innovation engine is sputtering, Bank of America says http:// bloom.bg/2e5YHdS via @business $ NKE $ ADS $ UA $ SPY #sports"
MITickWatcher,2016-11-01 16:00:01,2016-11-01 16:00:01,#Dividend Today-P1 $ ABEV $ ADS $ ADTN $ AMID $ BSRR $ CFNL $ DFS $ FAM $ FELE $ FSBK $ ITUB $ KBH Free stock app https:// appsto.re/i6hH3LG #iTunes
StockTradePicks,2016-11-01 15:56:33,2016-11-01 15:56:33,Option trading signal alerts with over 70% accuracy. Read: http:// nasdaqnewsreports.blogspot.com/2016/10/option -trading-signals-for-aapl-goog-fb.html … $ ADS $ WWW $ BEE $ ZBRA $ WTER $ MDAS $ CCP $ IMKTA $ SGNT
stockbard,2016-11-01 15:48:57,2016-11-01 15:48:57,$ I $ SEE $ ONE $ TAP $ MS $ AXE $ FOR $ ADS $ TWO $ MEN $ AGO
business_supser,2016-11-01 15:48:34,2016-11-01 15:48:34,Mizuho Trust & Banking Co. Ltd. Increases Stake in #AllianceDataSystems Corp. (). Read more: http:// owler.us/abM3KT $ ADS
stockbard,2016-11-01 12:18:55,2016-11-01 12:18:55,$ MMM ! $ BIT $ FOR $ ADS $ ACE $ ONE $ FIG
stockbard,2016-11-01 07:48:58,2016-11-01 07:48:58,$ HE $ ACE $ OUT $ ADS $ MEN $ ARE $ MS $ HOT $ OUT $ A $ CUBE $ EFF $ MR $ CAT $ AT $ MEN
WKRBNews,2016-11-01 07:31:22,2016-11-01 07:31:22,adidas AG $ ADS PT Set at 162.00 by Warburg Research http:// ift.tt/2f80bXC
stockbard,2016-11-01 04:18:58,2016-11-01 04:18:58,$ BAM ! $ IT $ STAY $ MS $ RATE $ MMM ! $ MEN $ ARE $ TEN $ ADS $ BAM !
stockbard,2016-11-01 03:19:00,2016-11-01 03:19:00,$ EEP ! $ ADS $ ARE $ MS $ LEO $ BAM ! $ IT $ PAY $ OUT $ A $ STAR $ I $ AM $ TEN $ SEAS $ AGO
stockbard,2016-11-01 01:48:59,2016-11-01 01:48:59,$ DANG ! $ CUBS $ ARE $ MS $ AFT $ EEP ! $ ADS $ ARE $ AL $ ACE $ MR $ LOW $ OUT $ HUBS
b_kovacich,2016-11-01 00:54:21,2016-11-01 00:54:21,"Me iba a shortear $ ADS , terminé shorteando $ IBB . Si gana Hillary debería bajar, pero si gana Trump bajaría por arrastre del SPY"
midetimes,2016-11-01 23:22:30,2016-11-01 23:22:30,Alliant Energy Corp. $ LNT Shares Bought by Symons Capital Management Inc. http:// mideasttime.com/?p=1366972
SwingTradeBot,2016-11-01 22:05:32,2016-11-01 22:05:32,Scan results - Stochastic Sell Signal today: $ CHKP $ RSG $ ASB $ CFFN $ SCCO $ MSCC $ HXL $ WM $ LNT $ NJR ... http:// swingtradebot.com/events/25/equi ties?selected_date=2016-11-01 …
StockTradePicks,2016-11-01 15:59:25,2016-11-01 15:59:25,Option trading signal alerts with over 70% accuracy. Read: http:// nasdaqnewsreports.blogspot.com/2016/10/option -trading-signals-for-aapl-goog-fb.html … $ USNA $ FLML $ CR $ LNT $ MNI $ EBR $ NVMI $ ALEX $ ASA $ POLMF
IHPosts,2016-11-01 15:33:10,2016-11-01 15:33:10,clayton: LNT 38.05 Alliant Energy Corp $ LNT added to my http:// dlvr.it/MZHKSk
clayton_dd,2016-11-01 15:21:49,2016-11-01 15:21:49,LNT 38.05 Alliant Energy Corp $ LNT added to my watch list. Right now with LNT I am watching the last price 38. http:// investorshangout.com/post/view?id=4 150709 …
stockbard,2016-11-01 23:48:56,2016-11-01 23:48:56,$ EFF $ MS $ KIM $ ALL $ ADS $ AGO $ CUBS $ ARE $ ONE $ FLY $ MY $ RATE $ AT $ MEN
bfsi_lhi,2016-11-01 22:32:32,2016-11-01 22:32:32,#Allstate Quick Fix: Clean Your Glass Cooktop [GIF]. Read Blog: http:// owler.us/abM6NQ $ ALL
MITickWatcher,2016-11-01 21:00:04,2016-11-01 21:00:04,#Earnings Tomorrow-P1 $ ACHI $ ACLS $ ACUR $ AEL $ AERI $ AHP $ AIG $ AIMT $ ALIM $ ALL $ ALNY $ ALSK Free stock app https:// appsto.re/i6hH3LG #iTunes
StockTradePicks,2016-11-01 19:19:26,2016-11-01 19:19:26,How to profit big on weed microcap stocks. Read: http:// nasdaqnewsreports.blogspot.com/2016/10/the-gr een-gold-rush-on-marijuana.html … $ ORCL $ GRPN $ AZN $ MGM $ BCS $ NOC $ SGYP $ HCA $ ALL
tymorapro,2016-11-01 18:16:45,2016-11-01 18:16:45,"$ ALL : At/Below 200DaySMA[+66.89]:6M, lm:-3, 0NearLo, allTFs-, ch:-1.5%, bigFlt:370M, 3MoLo-; TLM:1.6; ILM:2.0; cl-op-; vl:7;"
BigAlerts,2016-11-01 17:57:16,2016-11-01 17:57:16,The Allstate hits a 1 quarter low http:// tinyurl.com/gmd29q5 $ ALL #TheAllstate pic.twitter.com/KEqMUeSlMo
adymitruk,2016-11-01 17:45:07,2016-11-01 17:45:07,"any way in GES to eliminate all other $ streams in $ all ? Ie, only see actual events?"
stockbard,2016-11-01 16:48:57,2016-11-01 16:48:57,$ ALL $ CUBS $ MY $ OAK $ IM $ FOR $ A $ GUT
StockTradePicks,2016-11-01 12:43:59,2016-11-01 12:43:59,Option trading signal alerts with over 70% accuracy. Read: http:// nasdaqnewsreports.blogspot.com/2016/10/option -trading-signals-for-aapl-goog-fb.html … $ BCS $ SGYP $ ALL $ IVV $ AWAY $ NSU $ SXC $ ALDR $ MHS
MyAlliesTrading,2016-11-01 12:06:22,2016-11-01 12:06:22,$ ALL Allstate Foundation Purple Purse Challenge® Raises $3.75 million for Domestic Violence Programs https:// goo.gl/2x2wtb
yes_murage,2016-11-01 06:29:07,2016-11-01 06:29:07,Brain Mugendi $ all Pupils Of Rev. Ikingi Mum Wishes U All The Luck In Ua Exams.
raymond10mm,2016-11-01 23:23:07,2016-11-01 23:23:07,$ AMZN $ JCI $ GM $ HON $ GE $ UTX $ BA $ DUK $ NEE $ D $ GOOGL $ AAPL $ FB $ BABA $ NFLX $ V $ JPM $ WFC $ BRK -B $ PG $ XOM $ AGN $ AGI $ GS $ PNC $ MA $ BAC $ VZ $ DIS pic.twitter.com/VSj03WbBsc
RedDogT3,2016-11-01 21:42:00,2016-11-01 21:42:00,Today's recap and look ahead. $ spx $ googl $ aapl $ fb $ amzn https:// m.youtube.com/watch?feature= youtu.be&v=sVWCzRUyZnw …
chiumeister,2016-11-01 20:54:11,2016-11-01 20:54:11,"$ GOOGL Why back @HillaryClinton , a liar and loser for president @ericschmidt ? Vote @realDonaldTrump instead."
GdaytoYou,2016-11-01 20:19:58,2016-11-01 20:19:58,Holding for swing $ AAPL N $ GOOGL long as posted. Good luck all
racernic,2016-11-01 19:59:34,2016-11-01 19:59:34,u know u have good levels when selling wkly iron condors and they survive days like today. even $ AAPL . $ SPY $ QQQ $ GOOGL etc
racernic,2016-11-01 19:58:00,2016-11-01 19:58:00,Update on this wk's 8Iron condors: 7/7wins for members +1400 on 10contracts. $ SPX $ RUT $ SPY $ QQQ $ IWM $ AAPL $ GOOGL (no $ FB earns)
crackr,2016-11-01 19:46:00,2016-11-01 19:46:00,In der neuen @aswonline : Wie #Tencent zum wertvollsten Konzern #Asiens wurde – und $ FB und $ GOOGL herausfordert pic.twitter.com/9rsvPUqDew
optionbag,2016-11-01 18:39:34,2016-11-01 18:39:34,Fu $ googl Fu $ tsla
Leaf_West,2016-11-01 17:34:49,2016-11-01 17:34:49,$ AAPL $ AMZN $ FB $ GOOGL are all trying to make an inside 15m candle ... that would be the 1st sign of the selling slowing down @RobInTheBlack
options_answers,2016-11-01 16:47:47,2016-11-01 16:47:47,$ GOOGL RZB: $ VTMB UNDER THE RADAR MJ! - RZB http:// ow.ly/xaIU5062yJV
axlki,2016-11-01 16:42:14,2016-11-01 16:42:14,"$ AMZN 's cloud is still dominant, but $ MSFT and $ GOOGL are gaining ground https://www. thestreet.com/story/13874145 /1/amazon-s-cloud-is-still-dominant-but-microsoft-and-google-are-gaining-ground.html … via @TheStreet"
maxjcm,2016-11-01 15:42:12,2016-11-01 15:42:12,Has #AI (Finally) Reached a Tipping Point? $ GOOGL $ AAPL $ MSFT #ArtificialIntelligence http:// blogs.wsj.com/cio/2016/10/28 /has-ai-finally-reached-a-tipping-point/ …
marketexclusive,2016-11-01 13:56:41,2016-11-01 13:56:41,Alphabet Inc (NASDAQ:GOOGL) Distrusts WoSign Certificates http:// marketexclusive.com/alphabet-inc-n asdaqgoogl-distrusts-wosign-certificates/35593/ … $ GOOGL $ AAPL
330amFreefall,2016-11-01 13:47:33,2016-11-01 13:47:33,Loosing respect for $ GOOGL . https:// twitter.com/wikileaks/stat us/793449253213437952 …
seeitmarket,2016-11-01 13:22:15,2016-11-01 13:22:15,Alphabet Stock (GOOGL) Trading At Critical 'Time & Price' Spot - http://www. seeitmarket.com/alphabet-stock -googl-critical-time-price-juncture-investing-16218/ … blog by @BartsCharts $ GOOGL pic.twitter.com/uvO2pfj5JE
futuresoption,2016-11-01 13:15:41,2016-11-01 13:15:41,#Google launches Tango smartphone AR system $ GOOGL
OpLGBT,2016-11-01 12:18:48,2016-11-01 12:18:48,Clinton by 1 #Google the odds. $ GOOGL #GoogleDoodle #TuesdayMotivation https:// twitter.com/FightNowAmeric a/status/793423906988257281 …
_steve3_,2016-11-01 11:06:26,2016-11-01 11:06:26,Three LONG-TERM partners/buyers of @twitter $ TWTR 1. Google $ GOOGL 2. Facebook $ FB 3. IBM $ IBM G - Money and Fit F - Scale I - AI + Watson
getvolatility,2016-11-01 10:42:04,2016-11-01 10:42:04,"Cheap call option upside: $ TWX calls cheaper than 99% of history, $ MA 97%, $ GOOGL 97%, $ AAPL 97%, $ CRM 97%, $ V 96%, $ ORCL 96%"
chartsmarter,2016-11-01 10:11:03,2016-11-01 10:11:03,"Peering Into The Round Number Theory: http://www. chartsmarter.com/2016/11/01/the -round-number-theory-2/ … ""a recent look at several examples still in play"" $ MSFT $ CSX $ AL $ FTV $ GOOGL pic.twitter.com/v7YeCnKHoR"
_steve3_,2016-11-01 10:10:01,2016-11-01 10:10:01,YouTube lands MAJOR Music licensing deal in GERMANY $ GOOGL
InvestorPlace,2016-11-01 10:05:34,2016-11-01 10:05:34,Google Pixel Review: Is Alphabet the New Smartphone King? $ GOOGL $ AAPL $ SSNLF http:// bit.ly/2f8riBV pic.twitter.com/EAjkl3TLfp
Investing_Books,2016-11-01 09:33:56,2016-11-01 09:33:56,Exploiting Earnings Volatility by Brian Johnson: http:// amzn.to/29EEwVi #options #trading #earnings $ AAPL $ SPY $ VIX $ TSLA $ AMZN $ GOOGL
Investing_Books,2016-11-01 07:03:55,2016-11-01 07:03:55,Quality of Earnings by Thornton L. O'Glove: http:// amzn.to/29CZKQt $ AMZN $ KORS $ AAPL $ IBM $ GOOGL $ TSLA $ NFLX
lunatictrader1,2016-11-01 07:03:03,2016-11-01 07:03:03,Buy signal for Gold. Sell signal for $ GOOGL . More stocks: http://www. reversallevels.com/2016/11/rl-for -nov-1.html … $ SPY $ GLD pic.twitter.com/HDdAgJbEtn
kenedwards_ken,2016-11-01 06:33:04,2016-11-01 06:33:04,SLB Barrick Gold Corp. News Read More --> http:// dlvr.it/MZ7dS4 $ SLB $ GOOGL $ XLV #investing
MadNewsUpdate,2016-11-01 05:13:56,2016-11-01 05:13:56,$ GOOGL https:// twitter.com/wikileaks/stat us/793219623126728704 …
seeitmarket,2016-11-01 03:56:00,2016-11-01 03:56:00,Market Upturn May Hinge On Large Cap Tech - http://www. seeitmarket.com/4-large-cap-te ch-stocks-bullish-market-implications-investing-16201/ … $ FB $ MSFT $ AAPL $ GOOGL
BColwell_ALT,2016-11-01 03:55:09,2016-11-01 03:55:09,#Intel Branches Out To #Smart #Security #Cameras . $ intc #data #bigdata $ vpu $ goog $ googl #china #movidius #computer http:// ow.ly/dWWN305ww5O
CFingraphs,2016-11-01 03:40:13,2016-11-01 03:40:13,$ GOOGL http:// demo.FinGraphs.com Pot. cont. Downtrend INTRAWEEK 60m-15m-4m combo chart #Google #Trading pic.twitter.com/1qQKUdm6oP
AlertTrade,2016-11-01 03:31:32,2016-11-01 03:31:32,Howdy! You are invited to access the Free Trade Of The Week via → http:// AlertTrade.us $ AAPL $ GOOGL $ AMZN $ FB pic.twitter.com/hvA9y5pjTt
brainhoits,2016-11-01 03:05:09,2016-11-01 03:05:09,$ AMZN will probably see traders shift to $ BABA after wed. ER. They gravitate towards the faster growth. $ baba = $ AMZN on steroids. $ GOOGL
CareyYangPhD,2016-11-01 03:04:13,2016-11-01 03:04:13,A genius mathematical way of buying back shares by Google's parent company. $ GOOGL #GOOGL share https:// lnkd.in/bgpEF6N
scalpthatstock,2016-11-01 02:43:16,2016-11-01 02:43:16,Stock Chart Technical Analysis Video http:// scalpthatstock.com/stock-chart-te chnical-analysis-video-5/ … $ AAPL $ GOOGL $ GOOG $ NFLX $ CMG $ TSLA $ TWTR $ GPRO $ PCLN
ChartMill,2016-11-01 02:24:12,2016-11-01 02:24:12,6 of the world's most influential companies all have this in common. $ AAPL $ GOOGL $ AMZN $ DIS $HO… http:// stockcharts.chartmill.com/u/BkHChdrgg
ELPfan,2016-11-01 00:18:36,2016-11-01 00:18:36,"What Do Alphabet, Disney, And Home Depot All Have In Common?... https:// seekingalpha.com/article/401735 2?source=ansh … $ GOOG , $ GOOGL , $ DIS , $ HD"
brainhoits,2016-11-01 00:15:32,2016-11-01 00:15:32,Alibaba Group Holding Ltd. $ BABA PT Raised to $133.00 at Citigroup Inc. http://www. dailypolitical.com/2016/10/31/ali baba-group-holding-ltd-baba-pt-raised-to-133-00-at-citigroup-inc.html … via @RatingsNetwork $ AMZN $ AAPL $ NFLX $ GOOGL
brainhoits,2016-11-01 00:11:48,2016-11-01 00:11:48,Why Alibaba Is Goldman Sachs Favorite Chinese Internet Play http:// blogs.barrons.com/emergingmarket sdaily/2016/10/25/why-alibaba-is-goldman-sachs-favorite-chinese-internet-play/ … via @barronsonline $ AMZN $ AAPL $ GOOGL
chessNwine,2016-11-01 00:06:44,2016-11-01 00:06:44,I analyzed $ GOOGL $ IWM $ QQQ and much more in my video market recap from earlier: http:// marketchess.com/2016/10/31/sto ck-market-recap-10-31-16-video … $ SPY $ VRX #stocks
davidmoadel,2016-11-01 00:03:06,2016-11-01 00:03:06,$ KO Coca-cola now sold in 35 and not in 36 can pack. Sinister! $ SPY $ SPX $ AAPL $ GOOG $ GOOGL $ NFLX $ AMZN $ AAPL $ FB $ TWTR $ BABA #stockmarket pic.twitter.com/8YhInzNcgn
Benzinga,2016-11-01 00:00:02,2016-11-01 00:00:02,Here's How To Play Google's Halloween Doodle Game http:// benzinga.com/z/8624921 $ GOOG $ GOOGL pic.twitter.com/jE71Bcjs93
