#elated,sellingyumanow,2016-11-16 16:48:26,Truly satisfied clients leave me #elated . http://www. realsatisfied.com/Michelle-Jones via @realsatisfied pic.twitter.com/Mwpqg5Pdwi
#elated,Blossom_mossolB,2016-11-16 00:53:03,It's stress relieving to get these thoughts out of my body... feels like weights have been lifted! #elated
#elated,unclaimednoname,2016-11-15 05:44:19,YALL. MAYBE HE CAN DO THIS. #elated pic.twitter.com/mTQySWXAHG
#elated,LysleWilliams,2016-11-14 18:24:42,Just got the best news at just the right time... here's to the future #MetalHealthSocialWorker #elated
#elated,lkndear,2016-11-14 02:06:56,"I'm about to see Salt-N-Pepa live, and I really don't know what to do. #Ilovethe90s #ELATED"
#elated,kimred1,2016-11-13 16:34:31,I FOR ONE WILL #ELATED WHEN TRUMP SUPPORTERS #REALIZE THAT TRUMP CAN'T DO THE THINGS HE PROMISED A #PRESIDENT DOES'NT HAVE #ABSOLUTE POWER
#elated,shaishave,2016-11-13 12:21:42,Cashbacks still not stopped! Keep doing E - Transactions via @Paytm with Ease and Extra benefits. #Elated #DeMonetisation #Fintech pic.twitter.com/Mg7XTptIOX
#elated,thatpghkid,2016-11-11 16:03:36,Just got offered a Utility Forester position!!!!! Look who's moving up in the world!!!!! #Elated
#elated,aditi1231,2016-11-11 05:15:55,And @ash_r_dhanush turns author with #StandingOnAnAppleBox ! #PreOrderLink http:// bit.ly/StandingOnAnAp pleBox ‚Ä¶ Out on #Dec12th2016 . #Proud #Elated . pic.twitter.com/UXfTgeG36x
#elated,TheRealRJo,2016-11-10 19:16:07,I am beyond #elated for #PresidentElectTrump . #NotMyPresidentTrump need swift kick in the ass/reality check that #Trump is best for #America https:// twitter.com/Foul_Mouth_Bab y/status/796779227416842241 ‚Ä¶
#elated,mercurialbot,2016-11-10 09:27:38,Happiness is felt in grief and high delight. #elated
#elated,mona_mobeen,2016-11-10 04:36:38,#Careeming my way to work for just PKR 100/- what sorcery is this? @CareemPAK #elated
#elated,mercurialbot,2016-11-10 02:57:05,"Today, many will decide to give it up with a heart that has found a small stone that would permit me to be yourself. #elated"
#elated,vmetu,2016-11-09 09:02:24,NIGHT TWITTER! What a WONDERFUL way to start the next phase: Taking our society back from the decadence that is #leftist nonsense! #elated !
#elated,Mkkelly70,2016-11-09 08:14:12,"Let's do a ""go fund me"" and help them leave! Ba Bye! #neededarealchange #TrumpPenceVictory2016 #elated #feelingRealHope ##Election2016 https:// twitter.com/Davewellwisher /status/796263744741507072 ‚Ä¶"
#elated,LadeeJess,2016-11-09 08:10:27,"I literally woke up, saw red all over the map, and immediately tears of joy flooded from eyes!!! Can't go back to sleep now! #Elated !!"
#elated,ScottMarchant3,2016-11-09 06:06:05,The sun will come out tomorrow .... and she still lost!!!! #elated #electionnight https:// twitter.com/usafortrump201 6/status/796231731707838464 ‚Ä¶
#overjoyed,DobbinsLaura,2016-11-15 22:29:37,PSA: IM GONNA BE THE AUNT OF A SWEET BABY GIRL IN MAY!!!! #EXCITED #OVERJOYED #YAY pic.twitter.com/IXGp8iw462
#overjoyed,vinhouseplant,2016-11-15 20:09:55,The boat that will take me to @theposies tonight in Van. My absolute favorite band for 25 years. My very first time seeing them. #overjoyed pic.twitter.com/8GuvUdLzVf
#overjoyed,CoDurhamWeather,2016-11-15 16:46:27,Photography studio confirmed. I move in at the beginning of December with @DH9photography A new beginning has started. #overjoyed
#overjoyed,leeanneschaefer,2016-11-15 00:52:52,Almost ready for the performance!@mrshart_music #overjoyed pic.twitter.com/DKsFVDsjA6
#overjoyed,akefestival,2016-11-13 23:33:41,Look who just landed in Lagos and is on his way to Abeokuta for #AkeFest16 ! #Overjoyed #SuperExcited pic.twitter.com/melbFhvQcD
#overjoyed,Erinclp,2016-11-13 19:44:25,POJD!! Beezus Kaja Champs!! Czech Republic Wins again!! #FedCupFinal #overjoyed #celebratetonight
#overjoyed,_HarisMian,2016-11-11 06:27:07,My mom has been in England since September and she comes home tomorrow #Overjoyed
#overjoyed,annettegeneva,2016-11-10 22:37:54,"Today is such an exciting day, I might explode! #overjoyed"
#overjoyed,ENwauzo,2016-11-10 19:57:30,I don't know why some Americans aren't happy with #TrumpVictory while we #Biafrans are #Overjoyed . Congrats President @realDonaldTrump
#overjoyed,dovorah001,2016-11-10 16:57:41,"Now that @realDonaldTrump is the POTUS, we can OPENLY celebrate our holidays & traditions w/o giving a CRAP who it offends! #OverJoyed pic.twitter.com/YibGC48KbL"
#overjoyed,RatchetStrategy,2016-11-10 16:17:42,We launched @Joy_Venture & chose a camper icon. Now we get to help a former brewmaster of this brewery launch a new venture #overjoyed #fate pic.twitter.com/sKF0CyniUN
#overjoyed,alextordi,2016-11-10 10:39:46,IM SO EXCITED FOR THE @STARBUCKS RED CUPS!! #overjoyed #holidays #excited
#overjoyed,mercurialbot,2016-11-10 07:57:29,"You are born with a tear in my heart has met someone it needs a strong lightthen, my dear, Im a horror! #overjoyed"
#overjoyed,mercurialbot,2016-11-10 06:57:22,One foot in front of you will have been married forty-two years. #overjoyed
#overjoyed,ARUNTHIEF,2016-11-10 06:18:37,#1YrOfRecordBreakingVEDALAM #Thala57 Shotting Announcement #Overjoyed pic.twitter.com/jHTnvoMmK7
#overjoyed,mercurialbot,2016-11-10 04:57:13,"Making money isn't hard in itself,what's hard is to meet two, the breeze to call on them to their own abysmal depths. #overjoyed"
#overjoyed,mercurialbot,2016-11-10 04:27:11,"Your friends can fix, you will live after us. #overjoyed"
#overjoyed,RikkiRenee_,2016-11-09 18:24:12,One week from today will be my last day as Miss Torres #overjoyed
#overjoyed,maroonsgbb,2016-11-09 08:43:21,"The referendum passed! Thank you @CKloeppel and @Unit4Schools for all your efforts, hard work and due diligence! #overjoyed"
#overjoyed,maggiebishop2,2016-11-09 08:11:47,Trump is president & God is still king! #overjoyed #MAGA
#overjoyed,Micc_Micc,2016-11-09 08:09:33,Such a moving & wonderful first speech from our new prez. My 1st election was a success! Congrats @realDonaldTrump #45thPresident #OverJoyed
#enjoy,ReweinJona,2016-11-16 09:24:39,Sample this instrumental by Victor J Sefo this is You complete me By Nesian Nine #Enjoy FirstTimerToMelodyLab pic.twitter.com/eoOnfTQycb
#enjoy,BanZakirNaik,2016-11-15 21:35:27,#ZakirNaik organisation finally banned in #India now time to throw a party #Enjoy https:// youtu.be/D8I2D6VLQQc pic.twitter.com/FYQYEpPRk7
#enjoy,barsworkshopNYC,2016-11-14 21:20:08,We at the #BARS workshop are proud to release THE BARS MEDLEY VOL 2 http:// bit.ly/2g8PckC #SHARE #enjoy ! pic.twitter.com/EeqTCxGeUm
#enjoy,Tal_News,2016-11-14 20:07:19,#EXCLU : La s√©rie compl√®te HQ et surtout in√©dite d'un √©v√©nement sera d√©voil√©e lors des 100 #RT de cette photo! #Enjoy #TAL pic.twitter.com/JiIIZwb36B
#enjoy,AttiehJoseph,2016-11-14 13:42:51,Listen to my new Song #Rouh exclusive @anghami #Enjoy https:// play.anghami.com/song/18190939? bid=/aB1b/wTaIzt0siy ‚Ä¶
#enjoy,akasureshraina,2016-11-14 04:58:01,Like Father Like Daughter #GraciaRaina #HappyChildrensDay #Fun #Happiness #Enjoy pic.twitter.com/Kdr9TyEDJO
#enjoy,val_chiasson,2016-11-14 02:15:40,It's me and my car ! #video #enjoy @FormulaOneWorld @PorscheRetail @Porsche911UK @D2BDofficial @rob13797 @neun11er @PorscheSauce @PorscheGB pic.twitter.com/2SRbpm5Hym
#enjoy,AgnetisMiracle,2016-11-13 15:29:14,Just shared the unreleased Video from Greece #Enjoy and #RT @AgnetisMiracle pic.twitter.com/iMWUG6DsWl
#enjoy,About_Limassol,2016-11-13 08:56:34,Wine Month 2016... 5 dates with wine in Limassol that cannot be missed! http:// allaboutlimassol.com/en/ta-nea-tis- polis/minas-krasiou-2016-5-rantevou-me-to-krasi-sti-lemeso/ ‚Ä¶ #Limassol #Cyprus #Wine #Enjoy pic.twitter.com/RFRxCQrmrY
#enjoy,GrrrGraphics,2016-11-12 17:25:39,hey Dear Liberals #Enjoy New on #ebay #PresidentTrump Super Human effort #BenGarrison #cartoon signed print #TRUMP http://www. ebay.com/itm/1421776597 59 ‚Ä¶
#enjoy,schnuggie91_,2016-11-12 11:30:41,Genie√üt das Wochenende #dirty #saturday #mydirtyhobby #schnuggie91 #blonde #girl #lingery #highheels #enjoy ... http:// fb.me/3Z61Le3u6
#enjoy,FasserTesta,2016-11-12 10:31:04,Langlauf Saison er√∂ffnet #stmoritz #sun #winter #Enjoy @stmoritz1856m pic.twitter.com/opVLixk3Qf
#enjoy,Devoxx,2016-11-11 14:54:31,All the recorded Devoxx Belgium 2016 presentations are now online available @https://www. youtube.com/c/devoxx2015 #Enjoy pic.twitter.com/b6nMOABrTO
#enjoy,NM_Residence,2016-11-11 05:35:14,Apartemen Terbaik & nyaman Mansion Residence #batam full facility + security 24hrs Hub Tenant : 082166610045 #diskon #murah #enjoy pic.twitter.com/29ho0dMCsg
#enjoy,JakeMaydayP,2016-11-11 01:31:00,Ps...this song was written and recorded this summer. #enjoy
#enjoy,K_vanMontfort,2016-11-10 07:20:57,Guten Morgen von der fr√ºhst√ºcksfront! #enjoy
#enjoy,DejeWoo,2016-11-10 01:58:29,#NEW #CLUBMUSIC #DANCEMUSIC #HOUSEMUSIC #ENJOY #FOR #TODAY @JULEZPOOH @1LA_LADY @TWITWHIZZ @1G2SU1FBEDT6T9W https:// youtu.be/ppjzGAIfw7o
#enjoy,florcassi,2016-11-10 01:11:40,La violaron #chiste #enjoy #funny #happy #smile pic.twitter.com/0GB6ttTWTc
#enjoy,thereal_5god,2016-11-09 22:40:26,Senior highlights #enjoy http://www. hudl.com/v/weE0E
#enjoy,imseriousyall,2016-11-09 21:24:37,Critics can say whatever they want it doesn't change the fact that the #JohnnyDepp & #TimBurton alliance has BOX OFFICE CRED #Enjoy the ride pic.twitter.com/Xon1AfPJ2Y
#enjoy,Being_Kelsey,2016-11-09 20:53:06,Check out mine and @TomParker reaction to #TheMissing #Enjoy https:// twitter.com/bbcone/status/ 796433710895742976 ‚Ä¶
#enjoy,HThomczyk,2016-11-09 20:34:33,"#merkelmussweg #merkelherbst #Pr√§sidenttrump =Super GAU f√ºr Gutmenschen&Linksgurken, die ersch√ºtterten Weltbilder in die Welt tweeten #enjoy https:// twitter.com/BonkeKolja/sta tus/796399174967140352 ‚Ä¶"
#enjoy,peaceandlove371,2016-11-09 20:26:32,"HAPPY BIRTHDAY @MrRobertScott !!! Live it up, eat that cake! ;) #Enjoy pic.twitter.com/nJgJVNfCVa"
#enjoy,therealjuicyj,2016-11-09 20:06:19,I know some of y'all high as a fool right now #enjoy
#enjoy,CoachBath,2016-11-09 19:37:36,Happy Birthday to @wyo_football #Dude @B_Heezy5 ...We will #Celebrate #TODAY by working to get to 1-0 this wk... #Enjoy #BigTwentyOne
#enjoy,GoodtimesRiyadh,2016-11-09 19:12:16,ŸÖŸÜ ÿßÿ∑ÿ®ÿßŸÇ ŸÖÿ∑ÿπŸÖ ÿßŸÑŸàÿßÿ≠ÿ© #ÿßŸÑÿ±Ÿäÿßÿ∂ #ŸÇŸàÿØ_ÿ™ÿßŸäŸÖÿ≤ #ÿßŸàŸÇÿßÿ™_ŸÖŸÖÿ™ÿπÿ© #compound #cafe #riyadh #enjoy #weekend #ksa #Instagram pic.twitter.com/3rJsCknxvo
#enjoy,vinosychacinas,2016-11-09 19:05:10,"AQUI NUESTRAS ""CARRILERAS 2.0"" #carrilleras2 .0 #gijondepinchos @gijondepinchos del 11 al 20. #enjoy #ma√±anadescripcion pic.twitter.com/3sqhUKdTfK"
#enjoy,dreams711,2016-11-09 19:02:01,"#Enjoy the #Sensual #Sounds of""Love Elevation Suite""Executive Produced by #M√Ωa @myaplanet9 https:// itunes.apple.com/us/artist/mya/ id108751 ‚Ä¶ pic.twitter.com/S89CLha5OD"
#enjoy,realjjewels,2016-11-09 18:34:52,"It maybe hard to believe but it needs to be said... It's, it's..... HUMPDAAAAYYY. #enjoy #HumpdayFun #newday #lovelife #staybleased"
#enjoy,fabicomofficial,2016-11-09 18:27:09,#Follow @fabicomofficial ! An awesome world full of technology! We hope you'll like it! #Enjoy #rt pic.twitter.com/mb0t0nHI8Q
#enjoy,rmasher2,2016-11-09 17:41:07,"They say you get the leadership you deserve. We had the intelligence, grace, wit & wisdom of Obama. You have Trump. #YouBuiltThat #enjoy !"
#enjoy,VincentAutin,2016-11-09 17:14:55,"#Trump (droits #LGBTI ) : loi anti-trans, loi permettant la discrimination homophobe sur base d'une croyance morale ou religieuse. #Enjoy 2/2"
#enjoy,Soca2k2E,2016-11-09 16:42:02,@yoginist @john_tcp @rkmeeks7 @soufrierehillsR @PaulDav52131562 @Victork1001 #Thanks for pics #Enjoy this island image: St. Croix beach pic.twitter.com/YYHNV9nLb9
#enjoy,GypsySoullife,2016-11-09 16:13:42,Hope Canada is ready to excited to embrace all it's new residents today! #dontletthedoorhityouintheass #enjoy #youwontbemissed
#enjoy,alisialiona_,2016-11-09 16:03:38,#GTA5 #GTAV #Snapmatic #Rockstargames #GTAOnline #GTAPhotographers #enjoy @RockstarGames pic.twitter.com/OArPYWNGog
#enjoy,365Disc_Port,2016-11-09 14:40:44,As cidades mais pitorescas que deve visitar antes que as descubram! http:// bit.ly/2fZA208 #bestplace #travel #enjoy pic.twitter.com/tu7Ejhw04r
#enjoy,friscaarinanda,2016-11-09 12:44:06,Dinner manjah #dinner #bali #balibakery #cafe #instalike #class #enjoy #thebaliguru #culinary ‚Ä¶ https://www. instagram.com/p/BMlv-XMAyOQ/
#enjoy,tkmknu,2016-11-09 12:25:05,Disney sea 2 „Éª ‰ΩôÈüª„Åå„Åô„Åî„ÅÑ„ÄÇ „Éª „Åï„Åô„ÅåÂ§¢„ÅÆÂõΩ„ÄÇ „Éª „Åæ„ÅüË°å„Åç„Åü„ÅÑ„Å™„ÄÇ „Éª #dress_no #ootd #enjoy #instagood #instalike ‚Ä¶ https://www. instagram.com/p/BMltzHODonf/
#enjoy,mdclapps,2016-11-09 11:55:33,To everyone who said they're moving to Canada if Trump wins: Ô∏è #enjoy
#enjoy,ROCHUSwien1030,2016-11-09 10:15:58,‚òÖ unsere.heutige.mittagsbox ‚òÖ suppe.gem√ºse.klar gulasch.indisch.reis ‚Ç¨.acht.20 #rochus #mittagsbox #enjoy http:// fb.me/4FOgYtwAv
#enjoy,amArizona13,2016-11-09 09:53:26,"Vedere come rode ai sinistri italiani la vittoria di #Trump , non ha prezzo! #enjoy"
#enjoy,kitada0506,2016-11-09 09:47:12,¬¶ . #allday #house #talk #enjoy ¬¶ . pic.twitter.com/NOzvIzQZux
#enjoy,KonradHaefeli,2016-11-09 09:38:12,"Seamless from #OraclePartnerDay to #OracleCloudDay sponsored @Trivadis , #enjoy our #CloudServices and presentations pic.twitter.com/vkwijHXv1M"
#enjoy,VisitHarrogate,2016-11-09 09:27:42,Definitely feeling festive today #snowy morning and just 9 days to go to @HGChristmasMkt Thurs 17 to Sun 20 November #enjoy
#enjoy,AUCHAN_Beziers,2016-11-09 09:21:01,Le retour en #dedicace de @Ma2x c'est aujourd'hui dans ton magasin #Auchan #Beziers ! #Guestsevents #MA2X #fans #happy #happyday #Enjoy pic.twitter.com/SuccUpEUiv
#enjoy,ChaveBooks,2016-11-09 09:15:48,"http:// dld.bz/eASeRUnderbart saga ,l√§sa en god bok. #Read #Enjoy pic.twitter.com/Qj0nlXQld8"
#enjoy,uandarin,2016-11-09 09:06:01,Oggi funerale di certa arroganza da superiorit√† intellettuale e puzzetta sotto il naso #Enjoy
#enjoy,FCSVehicles,2016-11-09 09:05:14,#Enjoy This #Excellent #Car #Offer !!!! Only ¬£87.49 + VAT and #Lease #Citroen C1 Hatchback 1.2 PureTech Flair 5dr http:// ow.ly/RhhO305ZUFr pic.twitter.com/P8DH1lXAgj
#enjoy,elna75it,2016-11-09 08:55:39,Io me ne vado #ciao #atutti #buongiorno ed #enjoy io #si #dimensionecarne #halalspainexpo2016 #madrid pic.twitter.com/6JDJPaO6C6
#enjoy,Lentilsandlace,2016-11-09 08:25:27,It's party time @48hrsincapetown @ArtscapeTheatre @48HoursTV #enjoy #80's @ShirazReddy @ImranK_o @WayneGovender @GOlDieSTYLinG #SUMMERVIBES
#enjoy,yasukodohi,2016-11-09 08:18:11,„Åæ„ÇÇ„Å™„ÅèÂ§ß‰∫∫„Åã„Çâ„Åü„ÅÆ„Åó„ÇÄ„Éê„É¨„Ç®‚óâYasukoBallet‚óâÂßã„Åæ„Çä„Åæ„Éº„Åô(^o^) ÂØí„ÅÑ‰ªäÂ§ú„ÇÇ„ÄÅ„ÅÇ„Å£„Åü„Åã„ÅÅ„Åè„Çπ„Éà„É¨„ÉÉ„ÉÅ^ ^ „Å´„Å£„Åì„ÇäË∏ä„Å£„Å¶„É™„Éï„É¨„ÉÉ„Ç∑„É•„Åß„Åô„Çà„Äú^ ^ #Èòø‰Ωê„É∂Ë∞∑„Çª„É¨„Çπ„Çø #Enjoy http:// ameblo.jp/ysk0503dh/entr y-12217826042.html ‚Ä¶
#enjoy,_ShoppingTime_,2016-11-09 07:30:28,#BUENOSDIAS #FELIZMIERCOLES #enjoy #smile #laugh #love #live #shoppingvva pic.twitter.com/f4MtUTmPaE
#enjoy,irishsportshour,2016-11-09 07:21:33,The Americans are a laughing stock...The uneducated mob have voted for a dictator..they'll have to take the consequences now #Enjoy
#enjoy,QuentinC06,2016-11-09 07:17:13,"Apr√®s la muraille de Chine, je vous pr√©sente la muraille des Etats-Unis! #ElectionNight #Enjoy ."
#enjoy,janiskrekovskis,2016-11-09 07:17:00,Comfort zone #drivenbygoal #grow #outside #comfort #zone #change #habit ‚Äã‚Äã‚Äã‚Äã‚Äã #lifestyle #enjoy #personality #success pic.twitter.com/KIzpuz1yIk
#enjoy,MrPeterMasters,2016-11-09 06:46:04,The sun is shining brightly over @TCFC_Official this morning #Enjoy
#enjoy,M7mdSm3el,2016-11-09 06:38:14,ŸÉŸÜÿ™Ÿàÿß ÿ≤ÿπŸÑÿßŸÜŸäŸÜ ÿßŸÜ ÿπŸÜÿØŸÜÿß ÿ®ŸÑÿ≠ÿ© .. ÿ£ŸáŸà ÿ¨Ÿá ŸÑŸÑÿπÿßŸÑŸÖ ŸàŸÉÿßŸÑÿ© ÿßŸÑÿ®ŸÑÿ≠ ŸÉŸÑŸáÿß #Enjoy #ElectionNight pic.twitter.com/FaOEOwOkGl
#enjoy,sid0111,2016-11-09 06:34:15,Â§ßÂ≠¶„ÅÆÂ≠¶ÂúíÁ•≠Ê•Ω„Åó„Åã„Å£„Åü ÈáéÊú¨„Å§„ÅÑ„Å¶„Åç„Å¶„Åè„Çå„Å¶„ÅÇ„Çä„Åå„Å®„ÅÜ‚óé Ëºâ„Åõ„Åü„ÅÑÂÜôÁúüÂ§ö„Åô„Åé„Å¶ÈÅ∏„Åπ„Å™„ÅÑ Ôºé Ôºé #campusfestival #rissho #enjoy #bff ‚Ä¶ https://www. instagram.com/p/BMlFpjIAkEy/
#enjoy,FancyGardens,2016-11-09 06:20:04,50 &quot;Forget Me Not&quot; Blue Flower Seeds | Victoria Blue Bluesylva Myosotis.. https://www. etsy.com/listing/386195 690/50-forget-me-not-blue-flower-seeds?utm_source=exprestoreyourownfac&utm_medium=api&utm_campaign=api ‚Ä¶ #Lithops #Enjoy pic.twitter.com/dnj7rHyHIn
#enjoy,thewonderdawg,2016-11-09 05:57:02,https:// youtu.be/se_S2fPW4Gc #MovingOn from #ElectionNight #Enjoy #MusicVideo #Live #clubglow #Footage #hollywood #PerformanceMatters #bass #wow
#enjoy,iContactLanka,2016-11-09 05:56:39,"Purple Sun #Holiday #Resort ‚Äì #Unwind , #Relax and #Enjoy at 10% off this #November . #lka #iContactLanka #offers #avissawella pic.twitter.com/aXegqeykEg"
#enjoy,Danis_90,2016-11-09 05:52:31,Beres. #instagood #bedroom #enjoy #instadaily https://www. instagram.com/p/BMlA3cujG_8/
#enjoy,KunleIRAK,2016-11-09 05:49:00,It WAS a metaphor after all! #enjoy pic.twitter.com/6at06FEHvQ
#enjoy,Trushthesame,2016-11-09 05:48:36,A correct summary about the facts! #enjoy https:// twitter.com/RealJeremyNolt /status/796222964840550402 ‚Ä¶
#enjoy,McHammar9,2016-11-09 05:48:19,Seeing this slowly turn into a race issue.. well goodnight. Yall r wild America #enjoy #ElectionNight #proudtobecanadian
#enjoy,MessyMaycee,2016-11-09 05:48:15,Gotta enjoy life.. #beach #enjoy #enjoylife #resort #life #instagood @Tambuli Beach Resort https://www. instagram.com/p/BMeXn7jFSse/
#enjoy,ChowringheeLane,2016-11-09 05:44:22,"Greetings of the day , #enjoy your #delicious #food #Kathi #Roll #Online #Order #Now : #9555599996 see more at: http:// chowringhee.in pic.twitter.com/8uw4U795eb"
#enjoy,borisgast,2016-11-09 05:43:53,#Trump et #LaD√©rive #Enjoy la #Bienpensance perd du terrain via #Borisgast - http:// flip.it/Jfg7NO #Pseudo #Art #Montreal !?
#enjoy,mo811so530,2016-11-09 05:42:38,. „Éû„É©„ÇΩ„É≥Â§ß‰ºöÁµÇ„Çè„Å£„Åü„Äú 7.8„Ç≠„É≠Ëµ∞„Çä„Åç„Çå„Å¶„Çà„Åã„Å£„Åü „Åø„Çì„Å™„ÅäÁñ≤„Çå„Åï„Åæ„Äú . #„Éû„É©„ÇΩ„É≥Â§ß‰ºö #ÂÆåËµ∞ #„ÅÑ„Å§„É°„É≥ #Â§ßÂ•Ω„Åç #enjoy #happy #ÊòéÊó•„Åã„ÇâÂ≠¶Ê†° #fight https://www. instagram.com/p/BMk_vfGg7tW/
#enjoy,Zeodj,2016-11-09 05:39:57,Compartiendo con los panas!... ... #dj #djlife #CaliCo #happy #enjoy #ilovemyjob ‚Ä¶ https://www. instagram.com/p/BMk_bTPF1w8/
#enjoy,Tact_Blaze,2016-11-09 05:38:12,„Å∏„Éº„Å°„ÇÉ„Çì„Å®„É©„É≥„ÉÅ„Éá„Éº„Éà„Åß„Åô((o(¬¥‚àÄÔΩÄ)o)) Ëâ≤„ÄÖË©±„Åõ„Å¶Ê•Ω„Åó^ ^ @ryohei_skr #„É©„É≥„ÉÅ #ÂÖÉÊ∞ó„Åß„Çã #enjoy #ÈÅä„Å≥ https://www. instagram.com/p/BMk_O54hfag/
#enjoy,ABRDJMEXICO,2016-11-09 05:21:55,#enjoy #cup #coffee #chrismas is #coming #share #moment with #music #luxury #vip #tiffany pic.twitter.com/UIapm2BPW4
#enjoy,CarsonNattrass,2016-11-09 05:20:39,"I predict a rise in terrorism, riots and a stock market crash. #ElectionNight #enjoy #trump"
#enjoy,THNKFAST_GAMING,2016-11-09 05:15:46,#Diablo 3 Ultimate Ed. #REVIEW #LootWhoresDream #IsItWorthIt $40 #DamnGood #Teamsupport #Gamersunite #Enjoy http:// youtu.be/xkeWcKNpvdo?a
#enjoy,first_k9,2016-11-09 05:11:09,HAVE A LISTEN!!!! #newmusic #newnew #music #enjoy #https://www. instagram.com/p/BMk76ACjK3T/
#enjoy,ATOMICSKIN,2016-11-09 05:10:31,Don't matter what happens #ElectionNight I Will #StayLifted Gotta #Enjoy Life while you can #DontHateRegulate #TwilightZone Is where I am
#enjoy,Ariadhii,2016-11-09 05:07:19,#sea #beach #bluepoint #bluepointbay #clouds #sky #blue #enjoy #bali #sulubanbeach ‚Ä¶ https://www. instagram.com/p/BMk7stOBxNJ/
#enjoy,_Kyri3,2016-11-09 05:03:00,#enjoy #ElectionNight https:// twitter.com/realDonaldTrum p/status/265895292191248385 ‚Ä¶
#excited,jolinamennen,2016-11-16 23:23:32,Morgen gibts endlich wieder einen Instagram Tutorial Ô∏è #excited
#excited,ZiggoDome,2016-11-16 09:28:40,The day is finally here: @bastilledan in de #ZiggoDome #excited Ben jij erbij? Check hier het tijdschema! See you tonight! pic.twitter.com/qyPGh4rka3
#excited,LisaSchiffner,2016-11-15 19:09:54,600 noch und wir haben 100.000 auf YouTube #excited
#excited,beinteha2urooj,2016-11-15 08:07:05,Swara in sanskar arms Luking like chotu c bachi Awww #Excited for upcoming episodes @sharmarashmi20 @ColorsTV
#excited,eptxmanny,2016-11-15 00:35:20,Super moon tonight #excited
#excited,scottnicholls78,2016-11-14 21:48:05,"Also really pleased to say that I'll be joining Krak√≥w in the Polish First division. 2 new clubs for 2017, #excited"
#excited,IsaiahFirebrace,2016-11-14 20:50:46,Moama bowling club!!! Wednesday 16th 4.30pm !!! See you there #xfactorau #homevisits #grandfinal #adamlambert #excited Ô∏è pic.twitter.com/Nvtd6LitPr
#excited,TheSpideyBugle,2016-11-14 18:57:32,Greatness awaits in 2017... #YearOfSpiderMan #Excited #Awesome pic.twitter.com/JAMGnalOtz
#excited,christmas_clock,2016-11-14 17:25:13,58000 minutes until #Christmas ! Order this countdown - http:// amzn.to/2fqbFY7 #notlong #excited #ILoveChristmas ! pic.twitter.com/WJlGkrZKj4
#excited,meseemajaswal,2016-11-14 13:03:51,Join me for #footballtoday in 30mins where I'll be reviewing the best of the season with @donhutch4 and @DionDublinsDube #excited pic.twitter.com/VgwHhZhpde
#excited,meseemajaswal,2016-11-14 10:05:37,Presenting my first #FootballToday show on @premierleague TV with @donhutch4 & @DionDublinsDube #excited 1.30pm(GMT) #mondaymotivation
#excited,rishabhanalyst,2016-11-14 05:56:27,Just heard that @ICICIPruLife is gonna introduce something called #TaxPlus .Has anyone heard this term #TaxPlus though?I'm #excited about it pic.twitter.com/fzLRlj3Mhz
#excited,SherriHill,2016-11-13 18:01:24,Tomorrow is the big day! Sherri Hill #prom2017 images drop at http:// sherrihill.com #excited #promdress #bohoprom pic.twitter.com/DoKzavxH6r
#excited,Deema_Ali,2016-11-13 16:33:57,"It is a pleasure to be a speaker in AEEDC Dubai February 2017ÿå talking about ""Social media in Dental Education"" #Excited #RCsDP pic.twitter.com/lS1n1G6u31"
#excited,NathanSykesHQ,2016-11-13 16:00:03,Can you believe it's almost been a year since @NathanSykes performed #OAOA on @TheXFactor ?!?! #Reminiscing #Excited https://www. youtube.com/watch?v=oDrjyZ fNBPQ ‚Ä¶
#excited,HellyS_Admirers,2016-11-12 18:45:09,ITA2016#@OfficialHelly7 looking gorgeous #VarunKapoor #Excited pic.twitter.com/LycWFzKZkZ
#excited,UsTheDuo,2016-11-12 01:02:45,About to see @todrick kill it in @KinkyBootsBway !! Sending positive vibes and good luck your way! #EXCITED
#excited,beinteha2urooj,2016-11-11 20:23:49,Damn its all about swasan Really #Excited Sb emotional scenes k bad finally lux dikh gaya swasan ko @sharmarashmi20 https:// twitter.com/NainaDesai123/ status/797170394977316864 ‚Ä¶
#excited,upasanakonidela,2016-11-11 15:38:05,Mr.C chilling with the team and I before the shoot tomorrow. #Dhruva #ramcharan #shootday #Excited #allset pic.twitter.com/bZBiJKAR4V
#excited,DeerhoundRhodry,2016-11-10 22:52:50,The book is now available on #Amazon !! As a book and also in #kindle format https://www. amazon.co.uk/dp/1540307379/ ref=cm_sw_r_cp_api_3MpjybM1J6HZY ‚Ä¶ #excited pic.twitter.com/09tJHU1Gms
#excited,Sudharsan_Ram19,2016-11-10 20:28:13,Last time I watched in sathyam was #MSDhoniFdfs where I saw @mohan_manjima sitting exactly behind me. After that #AYM in Sathyam #Excited
#excited,FlavourBossUK,2016-11-10 19:28:05,https:// youtu.be/p1Gzko9zGf4 Our first UK #vape #review on our liquids! Take a look! #excited #ejuice #recipe #diy #vaping #vaper #teamboss
#excited,WhimHQ,2016-11-10 18:38:39,New taxi experience under testing. #excited #whimtravel #taxi #smartcities #whimride #l√§hitaksi pic.twitter.com/L8PRK6QD8Y
#excited,JayceeCarroll,2016-11-10 18:32:00,No hay mucho mas que decir! Es otra ni√±a! #4hijas #ShareGoodness #excited pic.twitter.com/zYMGEsTFoY
#excited,QDirectorNHS,2016-11-10 16:20:36,"So v #excited by @RichardBenyonMP enthusiasm & support 4 Berkshire Year of #mentalhealth he says 'lets make this happen, it important' #2017 https:// twitter.com/qdirectornhs/s tatus/796651785217802241 ‚Ä¶"
#excited,TeamRubiDilaik,2016-11-10 14:32:38,Upcoming -Harman will save Soumya in #Shakti #Excited #Harman #Saumya #HaYa @ColorsTV @RubiDilaik @VivianDsena01 @sharmarashmi20 pic.twitter.com/83H5L3GiWP
#excited,TeamRubiDilaik,2016-11-10 13:36:16,UpComing #Shakti #Harman #Saumya #HaYa #Excited to watch! (Mon to Fri at 8pm on @ColorsTV ) @RubiDilaik @VivianDsena01 @sharmarashmi20 pic.twitter.com/P6jERjmyXK
#excited,IvoryMusicPH,2016-11-10 13:01:26,"#Filo #Exiters , are you #Excited ? :) @beforeyouexit @BYEROPE :) pic.twitter.com/5O2qjlFQxh"
#excited,pravenbg,2016-11-10 11:14:46,Finally booked tickets for @iam_str 's #AYM tomorrow FDFS...Will the 'Manmadhan' magic repeat? #11thNov #Excited #AchchamYenbadhuMadamaiyada pic.twitter.com/3b1FU7jPAe
#excited,giantpoppywatch,2016-11-10 08:18:31,ONE SLEEP TO GO!!! #PoppyDay #PoppyParty #Excited #LetsForget
#excited,FrauFlip,2016-11-10 07:57:05,#excited ! N√§chste Woche geht es los - #excitingedu . Schon die Workshops gew√§hlt?
#excited,themadisonmars,2016-11-10 06:52:36,"2 new remixes finished, confirmed. 1 original finished, lots more in the works. What's up 2017?! #Excited"
#excited,_AnimalAdvocate,2016-11-10 00:25:29,#Imagine getting this #excited but it's always a #FalseAlarm . The fate of #RescueDogs until you arrive https:// vine.co/v/5WjehjgeO5h @marcthevet
#excited,atxelitebball,2016-11-10 00:20:32,Congratulations to Shianne Johnson @Shyytown10 on her NLI to @WeberStateWBB #FAMILY #EXCITED #ITSWHY #AESWAG @KDHsports pic.twitter.com/nqLiLt8udS
#excited,Horror_Wood,2016-11-09 23:33:31,#SupportIndieFilm #IndieFilm #Excited One day from wrapping #AReunionOfSecrets starring @TheRealKeraLynn @KristiMasonAct It's been a blast! pic.twitter.com/Tc7S3f95N4
#excited,WoodtoPaper,2016-11-09 23:26:23,So #excited to have just Directed my first #IndieFilm #AReunionOfSecrets for #GoldMindProductions starring the #Incredible @TheRealKeraLynn pic.twitter.com/PKPsdGFzV8
#excited,kripasha_IIHMp,2016-11-09 15:27:36,Currently watching our principle judge make gulab jamun more gulaby! @SanjeevKapoor @ycolympiad @FoodFood #jan27 #excited #HospitalityRocks pic.twitter.com/oYrUVpz0Xh
#excited,paulbanoub,2016-11-09 14:52:07,About to go on stage in front of 12000!! #data16 #zenmasters #excited @sirvizalot @DrexelPooja pic.twitter.com/h2H1dB6iRa
#excited,paddyobrian86,2016-11-09 14:41:44,NEW PROJECT im working on üñí #EXCITED #DREAMS #COME #TRUE will keep you informed very #Gratefull xxx pic.twitter.com/gsN0IMmLBu
#excited,sfrancismusic,2016-11-09 14:28:08,I can‚Äôt wait!!! On November 18th my new club track Don‚Äôt Stop will be released on @dirtydutch !! #comingsoon #newmusic #club #excited pic.twitter.com/wDVYCq98AO
#excited,QuestIreland,2016-11-09 14:12:47,Have you decided what @QuestIreland adventure race you are doing in 2017? http:// bit.ly/2fZx3EI #excited #quest4adventure pic.twitter.com/YbJsEIxkvr
#excited,aberdeen_altens,2016-11-09 14:03:05,Get ready to #cosyup with @aberdeen_altens @ScottishPA tomorrow evening. So looking forward to seeing you all. #excited #GettingReady pic.twitter.com/fU3UtVWz22
#excited,Coach_HD,2016-11-09 14:02:54,On a happy note..... TODAY we have an amazing basketball player signing her NLI and becoming a Broncho!!! #Excited #BrightFuture
#excited,BareCornwall,2016-11-09 13:28:28,22 more sleeps. Check out the awesome cheffy line-up for @PadstowXmas : http:// barefootcornwall.com/a-to-z-of-chef s-at-padstow-christmas-festival-2016/ ‚Ä¶ #excited #PCF2016 pic.twitter.com/D3Qjp1gVl8
#excited,InterlakeNet,2016-11-09 13:20:26,Es geht also bald los! @Articulate #excited #elearning https:// twitter.com/troyboyyx/stat us/796193719414206464 ‚Ä¶
#excited,Qesmeralda7,2016-11-09 13:05:32,"Enough about politics, there's only 15 days left for Thanksgiving and 45 more days until CHRISTMAS #Excited"
#excited,sreenustr,2016-11-09 12:06:00,Ready for the Magical film of Kollywood #excited #AYMMagicalCommonDP
#excited,TheSportsmanHud,2016-11-09 12:01:27,We are now SOLD OUT of tickets for our #MeetTheBrewer with @hawksheadbrewer ! #excited #huddersfieldis #realale #craftbeer
#excited,JLO_House,2016-11-09 11:45:27,. @JLo & @robertocarlos recorded their duet in two languages: spanish & portugese ! #excited pic.twitter.com/CSFpRKSZhQ
#excited,MVM_school,2016-11-09 10:35:05,Zak has achieved 100 points in Accelerated Reader #excited #proud pic.twitter.com/JomdLW6nJv
#excited,isuzusa,2016-11-09 10:27:38,That feeling you get when you grab the keys to your Isuzu! #excited #neverlookedsogood #MadeFromReal pic.twitter.com/VEHYlY8gvW
#excited,fincluders,2016-11-09 09:57:37,The finalists have been selected! It was tough with excellent #Fintech #Startups applying from across the globe #excited #financialinclusion
#excited,Poulami_Dutta11,2016-11-09 09:30:58,Two days to @disha11parmar b'day .. Yo #Excited #HappyBirthDayDishaParmar pic.twitter.com/w60N1zuizS
#excited,5th_HarmonyPH,2016-11-09 09:14:08,Hoodies and NEW shirt designs for the next batch of Fifth Harmony Merchandise #Excited
#excited,RabbitsRiotTC,2016-11-09 09:12:40,What a superb 3 nights in @TrickysMcGs ! The audience feedback has been terrific! Now for our last show in Manorhamilton! #excited
#excited,Twelliii,2016-11-09 09:01:32,So..zweimal reicht eindeutig nicht! #Nijmegen ich komme! #RobbieWilliams #RobbieLive #TheHeavyEntertainmentShow #Tour2017 #Excited
#excited,RockMomSPN,2016-11-09 08:59:58,My #Volbeat Countdown only 3 days until my first Volbeat concert #excited #Volbeat ‚Ä¶ https://www. instagram.com/p/BMlWUx9jY1w/
#excited,TheKingsVlog,2016-11-09 08:46:11,6 days people that's 6 days to go #thelittlemermaid #wdw #waltdisneyworld #Disney #excited pic.twitter.com/agOrgZQ8ru
#excited,etittanegro,2016-11-09 08:07:25,Waited 6 months for this and it's finally here! Heading to the 1st of 3 days of Coaching Agile teams with the awesome @lyssaadkins #excited
#excited,iSonalV,2016-11-09 07:59:51,#waiting #for #14thnovember #excited #pic.twitter.com/ltc0ca88bI
#excited,SallyWilliamsBB,2016-11-09 07:54:37,"Dream result for @Armidale_Stud NEEDS FURTHERS first ever runner a winner, Il Regalo wins Race 1 @Launceston. Congrats team #excited"
#excited,MrDYear6,2016-11-09 07:41:37,Heading off to @RealRobinwood today!! Hope everyone is packed! #Excited
#excited,lulujlunnon,2016-11-09 07:37:08,Guys guys guys! I'm getting married on Saturday! #excited
#excited,gulshanbafna,2016-11-09 07:33:01,sushmabafna #engaged to his #prince #happy #courtshipdating #excited #novemberdaires ‚Ä¶ https://www. instagram.com/p/BMlMXwnBKu_/
#excited,giantpoppywatch,2016-11-09 07:31:03,TWO SLEEPS TO GO!!! #PoppyDay #Celebrate #Excited #LetsForget
#excited,LineCaes,2016-11-09 07:02:30,"Utterly disappointed by the #Election2016 outcome, luckily I have something to brighten my day: @drabbiejordan is visiting today!! #excited"
#excited,AirbornNitros_,2016-11-09 06:46:04,Can't wait for delivery of our Season 4 tees from @ManUpCheer #excited #AirbornNitros pic.twitter.com/OTsMFRy9kY
#excited,kukreja_karan,2016-11-09 06:32:19,Big decision taken by the BJP Goverment to curb the black money out from rich people.. waiting for the improvement in India.. #excited
#excited,siddynagvekar,2016-11-09 06:28:35,Special day for @MercedesBenzInd as they unveil two very sexy cars today! Stay tuned for live updates! @motorworldindia #excited
#excited,xchelseawood,2016-11-09 06:28:25,Lanzarote booked! Cheeky bit of winter sunshine with my lovely Ô∏è #holiday #newyears #excited
#excited,StevieSeymour1,2016-11-09 06:27:48,On the train to work must mean #uclancongress16 #excited
#excited,Comic_Queen_Sam,2016-11-09 06:24:23,Now on to brighter news....IT'S COMIC BOOK DAY!!!! Wahhoooo!!! #comics #comicbook #Batman #HarleyQuinn #SUPERMAN #excited #dccomics #Marvel pic.twitter.com/OenCcKivqc
#excited,fsdett,2016-11-09 06:24:20,2 weeks until #foodsafari South Pacific! Fiji Vanuatu New Caledonia #excited ! @Nouvl_Caledonie @NewCaledonia @VanuatuTourism1 @TourismFiji
#excited,mattcroftmusic,2016-11-09 06:19:43,"In happier news, it looks like I will be leading the band as Keyboard 2/Conductor for ""The Illusionists"" for my Broadway debut! #excited"
#excited,redragdolly,2016-11-09 06:18:02,Thank you So very much @ReadersFavorite #JodieAndTheLibraryCard #Miami #Winner #Humbled #Thankfull #Excited #Speechless ! #Award pic.twitter.com/yfwE3aafl7
#excited,TheRealArvind5,2016-11-09 06:11:58,Omg i asked her out 4 tea and she nodded omgggg #excited #spm2016
#excited,evaablazee,2016-11-09 06:11:32,i can't believe we find out who's going to be americas next top model tonight #nervous #excited
#excited,luvshraddha143,2016-11-09 06:05:25,2days to go for #rockon2 Can't wait..... Feeling #excited @ShraddhaKapoor @TheShraddhaKFC pic.twitter.com/ZBwtf0bTxK
#excited,ILM_Online,2016-11-09 06:05:08,Just an hour to go until @DreamToysUK #excited #London
#excited,JeanRemacle,2016-11-09 05:40:33,I am flying to India where I will participate to #sangam16 an Oracle event in Bangalore. #excited
#excited,animatedtabs,2016-11-09 05:39:33,‚ñ∫GIF: http:// bit.ly/2fYUuhI #Excited Bill Clinton @ClintonHealth @BILLBELLAMY @Uptomyknees pic.twitter.com/htoJyB6hzv
#excited,ShekhSphere,2016-11-09 05:37:43,Yes seems like trump is going to win!! Can't wait to see what changes he brings about #excited
#excited,KaylieGarner88,2016-11-09 05:33:46,"I need November to hurry up and finish, a lot of exciting things happening in December #excited #lovedecember #favouritemonth #christmas"
#excited,deyabhi311,2016-11-09 05:33:41,#BigAccount #BiggerResponsibility ... so much thrilled after a #BigNews ... waiting for work to begin :D #CorporateCulture #WorkLife #Excited
#excited,fulmetaltiger57,2016-11-09 05:30:38,Trump has taken the lead in my home state of Pennsylvania. #excited !
#excited,SalmaGodil,2016-11-09 05:30:13,Coming up with an amazing make-over!! Stay tuned...!! #makeover #delight #excited #webdeveloper ‚Ä¶ https://www. instagram.com/p/BMk-UhRAnVQ/
#excited,Irelandreid,2016-11-09 05:21:58,When your sitting on all new photos of your Worbla Battle Emma Frost and just want to show the world... #impatient #excited
#excited,carlamayarro,2016-11-09 05:21:25,finally done laba and linis :) kunti nlng hehehe excited much #blessingsreceived #thankulordgod #excited
#excited,Dustin_Shockey,2016-11-09 05:15:00,Well Mr. President Trump! Make us a lot of money the next 4 years! #excited
#excited,gowtham_rana,2016-11-09 05:11:15,#RaghuvaranIsBack #VIP2 #D33 #Excited #Blockbuster #VeraLevel https:// twitter.com/dhanushkraja/s tatus/796196213452197888 ‚Ä¶
#excited,HopeHopegirl95,2016-11-09 05:06:56,I start school on Monday #excited #love #hairschool #cosmetology #school
#proud,DjokerNole,2016-11-16 09:05:32,Thank you @HarvardCenter for partnering with us #proud #care4kid https:// twitter.com/novakfoundatio n/status/798556179085467648 ‚Ä¶
#proud,imsabbah,2016-11-16 03:18:46,"My first ever student, Amjed, is graduating. Such a gent. Please watch his farewell speech. #hajipublicschool #proud https:// youtu.be/YVVuvrhMluM"
#proud,YuvarajTweetz,2016-11-15 02:59:15,#Proud Q:- ‡Æé‡Æ®‡Øç‡Æ§ ‡Æπ‡ØÄ‡Æ∞‡Øã ‡Æâ‡Æô‡Øç‡Æï‡Æ≥‡ØÅ‡Æï‡Øç‡Æï‡ØÅ ‡Æ™‡Æø‡Æü‡Æø‡Æï‡Øç‡Æï‡ØÅ‡ÆÆ‡Øç? @nivethapethuraj :- ‡Æ§‡Æ≥‡Æ™‡Æ§‡Æø ‡Æµ‡Æø‡Æú‡ÆØ‡Øç ‡Æö‡Ææ‡Æ∞‡Øç ‡Æ∞‡Øä‡ÆÆ‡Øç‡Æ™ ‡Æ™‡Æø‡Æü‡Æø‡Æï‡Øç‡Æï‡ØÅ‡ÆÆ‡Øç.. pic.twitter.com/Jtbwg9YJA1
#proud,hcpss_rhs,2016-11-14 18:13:57,Kylie Toler was named 'Player of the Year' and '1st Team All-State'!!! Congrats! #proud #gogators pic.twitter.com/tFLTWvZlcM
#proud,iancollinsuk,2016-11-13 18:08:41,Be aware of what the Black Cab Trade were up to today. This is always impressive stuff. #Proud https:// twitter.com/savetaxi/statu s/797846067299631105 ‚Ä¶
#proud,leonpryce6,2016-11-13 14:44:42,S.Burgess -Bradford T.Burgess -Bradford G.Burgess-Bradford E.Whitehead -Bradford J.Bateman -Bradford All playing for England #proud
#proud,GraceBrodie,2016-11-13 10:50:24,#Proud . This is leadership & why Scotland is not following rUK & USA down their path pic.twitter.com/vnxbJi4KLr
#proud,Ljubica1,2016-11-12 23:10:26,The boys at Trump Towers #proud #USElection2016 pic.twitter.com/nXbRfvUbMy
#proud,Venuseswilliams,2016-11-12 20:01:14,Court dedication at Luders park in Compton. #Compton #proud pic.twitter.com/misrI6CBoG
#proud,SarahGeschmack,2016-11-12 16:10:57,Wow seit 1 Jahr riecht ihr nach Geb√§rmutterabfall. Herzlichen Gl√ºckwunsch #proud #1JahrBilou
#proud,BibiJencosGirl,2016-11-12 11:09:00,In einem Jahr 8 Duschsch√§ume & 3 Cremesch√§ume rausgebracht .. Muss man auch erstmal schaffen! #proud #1JahrBilou - @BibisBeauty
#proud,jennacrystalsky,2016-11-11 20:35:35,"Das ist so mega krass, das dein Kanal √ºber eine HALBE MILLIARDE (!!!) mal aufgerufen wurde #proud @dagibee pic.twitter.com/b7gUVLVMMI"
#proud,DrShobha,2016-11-11 08:59:19,These paintings are made by my niece who is 12 years old #Proud #Talent pic.twitter.com/aTkFsPW7NS
#proud,aditi1231,2016-11-11 05:15:55,And @ash_r_dhanush turns author with #StandingOnAnAppleBox ! #PreOrderLink http:// bit.ly/StandingOnAnAp pleBox ‚Ä¶ Out on #Dec12th2016 . #Proud #Elated . pic.twitter.com/UXfTgeG36x
#proud,heathergclement,2016-11-11 03:01:20,I love that @sseagalofficial stands up for his family and his country. And he does it all with grace and kindness. A true gentleman. #proud
#proud,geesprintet,2016-11-10 18:48:10,Hab grad mit Blender ein 2D Intro gemacht #proud
#proud,_Uwala_,2016-11-10 17:37:49,150k auf Youtube. Sooo verdient! #proud @JonahPschl
#proud,tteegar,2016-11-10 16:46:41,#PresidentTrump gets water canon salute on his way to White House #TrumpProtest just a distraction Reality American Patriots feel #Proud pic.twitter.com/Eg2MC72bGG
#proud,Aubameyang7,2016-11-10 13:24:06,Im glad to hear that the best striker @LuisSuarez9 speaks well of me #proud #workinprogress #allthewayup
#proud,Remmonem,2016-11-09 17:16:59,One thing we have in South Africa is the spirit of #Ubuntu during tough times. #proud ! pic.twitter.com/vh0Jpe7CRB
#proud,Ankeny_Hawks,2016-11-09 17:14:54,Congrats to Alyssa Ballenger as she signs today with Wayne State!! #proud #tfbh pic.twitter.com/9awdsCh7E9
#proud,tumblrgaypics,2016-11-09 17:05:49,just remember that LOVE IS LOVE #LoveIsLove #LoveWins #LGBT #gay #Proud #Pride2016 pic.twitter.com/kuMatxnUPM
#proud,naturinaughton,2016-11-09 16:53:14,"""Fighting for what's right is worth it!""-- @HillaryClinton #suchClass #concessionspeech #proud"
#proud,MillieGSA,2016-11-09 16:51:02,Just a few hours until @CatchMeGSA opens! Every guest at The Hotel Priscilla is cheering you on. We're so proud! #Proud #GoodLuck
#proud,Coachpump615,2016-11-09 16:21:55,I'm excited for not only my kids that are signing today but for all kids signing today. @TariqSilver @_GraysonMurphy_ @johncarter_23 . #Proud
#proud,sampathduddu,2016-11-09 16:09:55,Through thick and thin #washington #proud pic.twitter.com/saJ6OnNUqt
#proud,hjsdrpingale,2016-11-09 16:05:06,"Does Indian leftists, Rationalist's, Seculars, Modern society learns from PM UK ! #Proud to be #Indian #Sanatan Culture ! pic.twitter.com/v8Vl6RIdHu"
#proud,BarbMuenchen,2016-11-09 15:57:03,I remember the good old days! #ForeverGrateful #ElectionNight #Proud #American #TrumpArmy pic.twitter.com/FpbRgWe42K
#proud,AmyMek,2016-11-09 15:54:06,"Best day!!! It's amazing being able to say ""President-elect Trump"" to the WORLD! #MAGA #Proud #AmericaFirst"
#proud,SarahSimcoe,2016-11-09 15:30:05,#proud of @Fujitsu_UK_SEED for winning Disabled Employee Network of the Year @DisabilitySmart @mypurplespace @GavinBounds @fujitsu_uk
#proud,KateDrummond_,2016-11-09 15:10:08,"This a.m., I walked by a group of 9 yr old boys in a full angry rant about Trump's racism. Our youth? They know what's right & wrong. #proud"
#proud,LongwoodBase,2016-11-09 15:02:41,Early signing period starts today. Congrats to the new Lancers that are joining our family. #Proud #EarnYourCrown #BetterTodayThanYesterday
#proud,NHSAVID,2016-11-09 14:45:38,SO to @bailey_cagle for officially committing to the next level of play #proud #grownup pic.twitter.com/FciBnzO8TA
#proud,emscoy,2016-11-09 14:16:33,WTG @DennisonNick & @emilycoykendall #proud #rangerpride pic.twitter.com/zgWXlnx378
#proud,Tiffany_Gabbay,2016-11-09 14:16:19,"""What Do We Tell The Children""? That unbridled greed and corruption wasn't rewarded on #ElectionNight and that should make us #Proud"
#proud,TurpinSpartans,2016-11-09 14:02:49,"It was a great Signing Day for Taylor, Audrey, Jessica, and Marisa! Great Athletes and even better people. #SpartanStrong #proud pic.twitter.com/TzEYIBqhjU"
#proud,Cory_1077,2016-11-09 12:39:31,#Thankyou MR. TRUMP . #Liberty & #Freedom are restored in #America IM #Proud to be #American again pic.twitter.com/3z2DAMb6M0
#proud,dan_gitzen,2016-11-09 12:34:12,Congrats to all of our @EvoshieldCanes signing their NLIs today. #EvoFam #Proud
#proud,lalpinawater,2016-11-09 10:43:46,@realDonaldTrump @IvankaTrump @DonaldJTrumpJr Congratulations!! #MakeAmericaGreatAgain !!! #repost Make your #mother #proud Ô∏è pic.twitter.com/8Sa86951Nk
#proud,Raama_Bhakta,2016-11-09 10:08:44,@srigokarna under the administration of @ShankaraPeetha By @SriSamsthana have received ISO Certificate from @isostandards #Proud pic.twitter.com/R5UL8xbbYr
#proud,WowThatstinks,2016-11-09 09:47:44,@Tinker266 @crazycazmcleod @Miss_ENT @RachelAllaway @Rosanna_B88 @DannaJiuliia lovely girls the lot of you #Proud have you all on my bed aha
#proud,PrestBigz32,2016-11-09 09:29:24,If you go to Churchill go support my best friend @jfespi34 today at 8am to his college signing!!! #proud @fesper4_dean @ilovemychargers
#proud,EmmaD_72,2016-11-09 09:24:37,Jim Mackey @NHSImprovement reminds us that we're great at leading improvement but there's still work to do #proud pic.twitter.com/NM9k0NKcr3
#proud,granthamstmarys,2016-11-09 09:22:59,Excited to be able to welcome visitors into our school and @Little_Gonerby this morning to see the amazing work that is going along! #proud
#proud,FaUzanneau,2016-11-09 09:15:07,When you have all this #eventapp by @goomeo on your phone #proud #eventprofs #ETL16 #ufishanghai #ibtm #heavent pic.twitter.com/RdZqcihVuu
#proud,BritishSteelUK,2016-11-09 08:59:49,"Good luck with the march, we're proud of everyone taking part and making a stand for steel #proud #buildingstrongerfutures https:// twitter.com/charlotte4326/ status/796267176839774208 ‚Ä¶"
#proud,CNS6F,2016-11-09 08:59:43,Rachel's turn #proud pic.twitter.com/aNRIRp7ayY
#proud,justinmyers3320,2016-11-09 08:56:24,This is really simple... #sharelove #killaword #AllLivesMatter #USA #Proud #American
#proud,SerliFr,2016-11-09 08:38:54,"#Devoxx - Day 3 ! 215 speakers, including @sebprunier and @TrevorReznik from our team. #Proud #TeamSerli pic.twitter.com/X734sQs6Fq"
#proud,MRTempower,2016-11-09 08:37:35,"Against the backdrop of devastating defeat, we're holding onto really good news tonight. @KamalaHarris #proud pic.twitter.com/acMPnzGIAu"
#proud,BritishSailing,2016-11-09 08:23:56,"ICYMI: Other big #election news overnight, @hannahmills1988 @ClarkSaskia are Rolex World Sailors of the Year! #proud http://www. rya.org.uk/britishsailing team/latestnews/pages/articlewrapper.aspx?pageUrl=/newsevents/news/Pages/mills-and-clark-named-world-sailors-of-the-year.aspx ‚Ä¶ pic.twitter.com/3pNtNCEtES"
#proud,makayla_kamms,2016-11-09 08:20:32,Sooooo incredibly proud that America made the right decision tonight. #Proud
#proud,JesseMayek,2016-11-09 08:12:37,"Congratulations America, we have officially confirmed that we are just as stupid as the rest of the world thought we were. #Proud"
#proud,jalejandra95,2016-11-09 08:04:15,"I am proud. Not to be American, but to have a set of good morals from my hard working, once immigrant parents. #proud"
#proud,JuryRigged,2016-11-09 08:00:25,AND NOW FOR THE MOST AWESOME NEWS OF THE NIGHT!!! MY Niece has been appointed to plan the INAGURATION CELEBRATION IN D.C. YEAH Kiddo! #PROUD
#proud,samijs1,2016-11-09 07:49:32,"Congratulations To Our 45th President, #PresidentDonaldJTrump & #VicePresidentMikePence !!!!! So Happy Right Now.. & #Proud , Very Proud!!!!! pic.twitter.com/SycdxPNhlV"
#proud,RobertSGraham,2016-11-09 07:43:26,And it is OFFICIAL. So #proud of the man we can now call President-Elect @realDonaldTrump ! #MAGA pic.twitter.com/Ell462KfbH
#proud,taymac98,2016-11-09 07:30:13,"Yes I'm from Texas. Yes I voted for Hillary Clinton. Yes, the two cities I've lived in were both firmly blue. #proud pic.twitter.com/EMTz8pF3wi"
#proud,RandeepHooda,2016-11-09 07:06:48,"‡§∏‡•å ‡§∏‡•Å‡§®‡§æ‡§∞ ‡§ï‡•Ä, ‡§è‡§ï ‡§≤‡•Å‡§π‡§æ‡§∞ ‡§ï‡•Ä‡•§ A master stroke by our hn'able PM @narendramodi #ModiFightsCorruption #IndiaFightsCorruption @PMOIndia #proud"
#proud,TylerSeavey,2016-11-09 06:35:50,"Harambe had 11,000 votes. #proud"
#proud,RatnaDesai,2016-11-09 06:31:32,#MasterStroke 2 reform #economy of #India . Bold step #IndiaFightsCorruption . #Salute frm a #proud #Gujju to @narendramodi
#proud,Alegonlamas,2016-11-09 06:23:38,"Animo! Somos mejicanos y si gana Trump, nos vamos con la frente en alto! #mexican #proud #world #election2016 #ElectionNight"
#proud,MissAspie,2016-11-09 06:23:14,I voted third party! #proud #JillStein #JillNotHill
#proud,a_nikjoo,2016-11-09 06:22:31,hahaha at least we still have #harambe #memes #proud of my country
#proud,earthspeakorg,2016-11-09 06:16:22,Our whole country should have to wear Cones of Shame. #proud now?
#proud,tanhuiyi,2016-11-09 06:09:50,Kong Hwa School Alumni EXCO is sending me updates in both EN & Chinese. Love it! #Proud of Hokkien Huay Kuan for promoting bilingualism
#proud,Suuudaddy,2016-11-09 05:57:17,Didn't even know Kamala Harris was half Indian until now #proud =')
#proud,Niharika1503,2016-11-09 05:49:14,Nobody could have done what he did! Not even Clinton or any PM from the past! #proud #respect #ModiFightsCorruption pic.twitter.com/SLaw0xCdNk
#proud,VerticeWilliams,2016-11-09 05:44:25,"Congratulations Senator Elect, @KamalaHarris ! #Proud"
#proud,saranginks,2016-11-09 05:42:43,#ModiFightsCorruption Its like Shivaji the boss in real action #Proud #indian
#proud,polenakaylee,2016-11-09 05:42:25,I've been with Donald Trump from day 1. And now we are here. #proud #usa #draintheswamp #MAGA
#proud,zeibekiko,2016-11-09 05:41:02,"dear trump, me and my big fat greek family are here to stay #immigrants #proud #greek #PresidentialElection"
#proud,jp_dsp981,2016-11-09 05:39:38,#ElectionNight #Proud to be an American tonight! Income had been down the last 18 years! We need to stop that! Young liberals will learn
#proud,AlysseMoldawer,2016-11-09 05:39:22,"No matter what, I am #proud to have #voted & so excited about diverse winners of senate and house seats. #Democracy is more than 1 person"
#proud,dhanush_nanda,2016-11-09 05:38:47,VIP Varum Pothu Single Ah Irunthen Now #VIP2 Vara Pothu Innum Single Ah Iruken #Proud #Single &Young @dhanushkraja #D33 #RaghuvaranIsBack pic.twitter.com/I0OH9jZjJh
#proud,jessicaRN88,2016-11-09 05:37:02,#imwithher #HillaryClintonForPresident #proud
#proud,Filterlbc,2016-11-09 05:34:34,#Thanks for the #Twitter #TeamTrump #Folk = #Excellent #Work Very #Proud to #KnowNow such #Patriotic #Americans ! #God #Blessed #AmericaFirst
#proud,Taylor__Maria,2016-11-09 05:32:27,60% of Shelby County voted for Hillary #Proud
#proud,tamizhanlogesh,2016-11-09 05:27:01,Our @shankarshanmugh & #Sujatha sir's earlier thinking! Director #Sasi sir's touch ~ Now talk of the town!! #BlackMoney #India #Proud
#proud,bianka_janell,2016-11-09 05:26:12,Late but so happy my team 4 WON! I knew we could do it. #PROUD
#proud,ci_dawn,2016-11-09 05:25:44,I've lived with Kenna for three months and tonight was the first time she's ever heard me say a curse word #proud
#proud,jennkreighbaum,2016-11-09 05:24:02,Better than the Cubs winning the World Series #proud https:// twitter.com/hellrralex/sta tus/796206352301522944 ‚Ä¶
#proud,TeeTwix,2016-11-09 05:18:55,The first mention of Minnesota and Hillary is leading comfortably. #Proud
#proud,ellemh,2016-11-09 05:18:20,My 23 yr old bro @MissouriSandT student studying abroad in Malaysia voted absentee took his ballot to the embassy #proud #thingsthatfeelgood
#proud,CodenameJedi,2016-11-09 05:13:08,"It's official, my girl made it on the Fort Worth Civic Orchestra #Oboe #Proud pic.twitter.com/uxYp8ZtCi9"
#proud,priyank76447591,2016-11-09 05:09:20,#proud of MODI#sirgical Strike#blackmoney
#proud,uf0s8mycat,2016-11-09 05:07:02,"Harambe has gotten over 12,000 votes. #Proud #NeverForget #DicksOut #ElectionNight"
#proud,megarooni1,2016-11-09 05:03:50,#soberlife #soberliving #fortyonedaysandcounting #iloveyou #proud pic.twitter.com/JMNr4E2ArJ
#proud,Bothered_Blonde,2016-11-09 05:01:14,Congratulations to a wonderful #Christian #Conservative @mattcaldwell_fl on his reelection FL House District 79 #proud to call him friend. pic.twitter.com/M16b91bX9d
#proud,mattleesekiwi,2016-11-09 04:46:12,So #proud of my #chosencity #keenenh #ElectionNight #Elections2016 https:// twitter.com/mfoleyks/statu s/796211538776489984 ‚Ä¶
